Активен,Сегмент,Тип источника,Источник,Компания,Сайт,URL источника,Страна,Город,Отрасль,Приоритет,Комментарий
да,branding,Каталог агентств,Профиль участника АБКР,SLOY,http://sloy.design,https://russianbranding.ru/members/sloy/,Россия,,Branding,B,"Брендинговое агентство: потенциально нужны презентации для клиентов, pitch materials и визуальная упаковка смыслов."
да,branding,Каталог агентств,Профиль участника АБКР,0tlichnosti,http://otlichnosti.ru,https://russianbranding.ru/members/0tlichnosti/,Россия,,Branding,B,"Брендинговое агентство: потенциально нужны презентации для клиентов, pitch materials и визуальная упаковка смыслов."
да,branding,Каталог агентств,Профиль участника АБКР,2SHARP,http://2sharp.ru,https://russianbranding.ru/members/2sharp/,Россия,,Branding,B,"Брендинговое агентство: потенциально нужны презентации для клиентов, pitch materials и визуальная упаковка смыслов."
да,branding,Каталог агентств,Профиль участника АБКР,A.STUDIO,http://www.advertastudio.ru,https://russianbranding.ru/members/astudio/,Россия,,Branding,B,"Брендинговое агентство: потенциально нужны презентации для клиентов, pitch materials и визуальная упаковка смыслов."
да,branding,Каталог агентств,Профиль участника АБКР,Adequate people,http://www.adekvate.com,https://russianbranding.ru/members/adequatepeople/,Россия,,Branding,B,"Брендинговое агентство: потенциально нужны презентации для клиентов, pitch materials и визуальная упаковка смыслов."
да,branding,Каталог агентств,Профиль участника АБКР,Art Area - брендинговое агентство,http://artarea.studio/,https://russianbranding.ru/members/artareabrendingovoeagentstvo/,Россия,,Branding,B,"Брендинговое агентство: потенциально нужны презентации для клиентов, pitch materials и визуальная упаковка смыслов."
да,branding,Каталог агентств,Профиль участника АБКР,Art Groove,http://www.artgroove.ru,https://russianbranding.ru/members/artgroove/,Россия,,Branding,B,"Брендинговое агентство: потенциально нужны презентации для клиентов, pitch materials и визуальная упаковка смыслов."
да,branding,Каталог агентств,Профиль участника АБКР,Art. Lebedev Studio,http://www.artlebedev.ru,https://russianbranding.ru/members/artlebedevstudio/,Россия,,Branding,B,"Брендинговое агентство: потенциально нужны презентации для клиентов, pitch materials и визуальная упаковка смыслов."
да,branding,Каталог агентств,Профиль участника АБКР,B5 Branding,http://befive.ru/work,https://russianbranding.ru/members/b5branding/,Россия,,Branding,B,"Брендинговое агентство: потенциально нужны презентации для клиентов, pitch materials и визуальная упаковка смыслов."
да,branding,Каталог агентств,Профиль участника АБКР,BRAINS&BRANDS,http://www.brains-brands.com,https://russianbranding.ru/members/brainsbrands/,Россия,,Branding,B,"Брендинговое агентство: потенциально нужны презентации для клиентов, pitch materials и визуальная упаковка смыслов."
да,branding,Каталог агентств,Профиль участника АБКР,Brand Brothers,http://www.brandbrothers.ru,https://russianbranding.ru/members/brandbrothers/,Россия,,Branding,B,"Брендинговое агентство: потенциально нужны презентации для клиентов, pitch materials и визуальная упаковка смыслов."
да,branding,Каталог агентств,Профиль участника АБКР,Brand Hub,http://brand-hub.ru,https://russianbranding.ru/members/brandhub/,Россия,,Branding,B,"Брендинговое агентство: потенциально нужны презентации для клиентов, pitch materials и визуальная упаковка смыслов."
да,branding,Каталог агентств,Профиль участника АБКР,Brandson Branding Agency (TSN),http://www.brandson-total.com,https://russianbranding.ru/members/brandsonbrandingagencytsn/,Россия,,Branding,B,"Брендинговое агентство: потенциально нужны презентации для клиентов, pitch materials и визуальная упаковка смыслов."
да,branding,Каталог агентств,Профиль участника АБКР,Brandy.studio,http://brandy.studio/,https://russianbranding.ru/members/brandystudio/,Россия,,Branding,B,"Брендинговое агентство: потенциально нужны презентации для клиентов, pitch materials и визуальная упаковка смыслов."
да,branding,Каталог агентств,Профиль участника АБКР,Bright Brand,http://2br.agency/,https://russianbranding.ru/members/brightbrand/,Россия,,Branding,B,"Брендинговое агентство: потенциально нужны презентации для клиентов, pitch materials и визуальная упаковка смыслов."
да,branding,Каталог агентств,Профиль участника АБКР,Commersart,http://commersart.ru/,https://russianbranding.ru/members/commersart/,Россия,,Branding,B,"Брендинговое агентство: потенциально нужны презентации для клиентов, pitch materials и визуальная упаковка смыслов."
да,branding,Каталог агентств,Профиль участника АБКР,COMPASS,http://compassbrand.ru/?utm_source=russianbranding,https://russianbranding.ru/members/compass/,Россия,,Branding,B,"Брендинговое агентство: потенциально нужны презентации для клиентов, pitch materials и визуальная упаковка смыслов."
да,branding,Каталог агентств,Профиль участника АБКР,Coruna Branding,http://www.coruna.ru,https://russianbranding.ru/members/corunabranding/,Россия,,Branding,B,"Брендинговое агентство: потенциально нужны презентации для клиентов, pitch materials и визуальная упаковка смыслов."
да,branding,Каталог агентств,Профиль участника АБКР,Creative Mind Bureau,http://c-mind.com/,https://russianbranding.ru/members/creativemindbureau/,Россия,,Branding,B,"Брендинговое агентство: потенциально нужны презентации для клиентов, pitch materials и визуальная упаковка смыслов."
да,branding,Каталог агентств,Профиль участника АБКР,DDC.Group,http://ddc.group,https://russianbranding.ru/members/ddcgroup/,Россия,,Branding,B,"Брендинговое агентство: потенциально нужны презентации для клиентов, pitch materials и визуальная упаковка смыслов."
да,branding,Каталог агентств,Профиль участника АБКР,DDVB,http://www.ddvb.ru,https://russianbranding.ru/members/ddvb/,Россия,,Branding,B,"Брендинговое агентство: потенциально нужны презентации для клиентов, pitch materials и визуальная упаковка смыслов."
да,branding,Каталог агентств,Профиль участника АБКР,Decide Branding Agency,http://decide-brandup.com,https://russianbranding.ru/members/decidebrandingagency/,Россия,,Branding,B,"Брендинговое агентство: потенциально нужны презентации для клиентов, pitch materials и визуальная упаковка смыслов."
да,branding,Каталог агентств,Профиль участника АБКР,Depot,http://www.depotwpf.ru,https://russianbranding.ru/members/depot/,Россия,,Branding,B,"Брендинговое агентство: потенциально нужны презентации для клиентов, pitch materials и визуальная упаковка смыслов."
да,branding,Каталог агентств,Профиль участника АБКР,Dotorg branding&strategy,http://www.dotorg.ru,https://russianbranding.ru/members/dotorgbrandingstrategy/,Россия,,Branding,B,"Брендинговое агентство: потенциально нужны презентации для клиентов, pitch materials и визуальная упаковка смыслов."
да,branding,Каталог агентств,Профиль участника АБКР,Dutch Design House,http://ddh.ru,https://russianbranding.ru/members/dutchdesignhouse/,Россия,,Branding,B,"Брендинговое агентство: потенциально нужны презентации для клиентов, pitch materials и визуальная упаковка смыслов."
да,branding,Каталог агентств,Профиль участника АБКР,enDESIGN,http://enbrand.ru,https://russianbranding.ru/members/endesign/,Россия,,Branding,B,"Брендинговое агентство: потенциально нужны презентации для клиентов, pitch materials и визуальная упаковка смыслов."
да,branding,Каталог агентств,Профиль участника АБКР,ENDY,http://endylab.ru/,https://russianbranding.ru/members/endy/,Россия,,Branding,B,"Брендинговое агентство: потенциально нужны презентации для клиентов, pitch materials и визуальная упаковка смыслов."
да,branding,Каталог агентств,Профиль участника АБКР,Getbrand,http://www.getbrand.ru,https://russianbranding.ru/members/getbrand/,Россия,,Branding,B,"Брендинговое агентство: потенциально нужны презентации для клиентов, pitch materials и визуальная упаковка смыслов."
да,branding,Каталог агентств,Профиль участника АБКР,gutora,http://gutora.ru,https://russianbranding.ru/members/gutora/,Россия,,Branding,B,"Брендинговое агентство: потенциально нужны презентации для клиентов, pitch materials и визуальная упаковка смыслов."
да,branding,Каталог агентств,Профиль участника АБКР,ICU,http://icu.agency/?utm_source=abkr,https://russianbranding.ru/members/icu/,Россия,,Branding,B,"Брендинговое агентство: потенциально нужны презентации для клиентов, pitch materials и визуальная упаковка смыслов."
да,branding,Каталог агентств,Профиль участника АБКР,Kingbee Agency,http://kingbee.agency,https://russianbranding.ru/members/kingbeeagency/,Россия,,Branding,B,"Брендинговое агентство: потенциально нужны презентации для клиентов, pitch materials и визуальная упаковка смыслов."
да,branding,Каталог агентств,Профиль участника АБКР,LABELMEN,http://www.label-men.com,https://russianbranding.ru/members/labelmen/,Россия,,Branding,B,"Брендинговое агентство: потенциально нужны презентации для клиентов, pitch materials и визуальная упаковка смыслов."
да,branding,Каталог агентств,Профиль участника АБКР,MAPT. Брендинговое агентство,http://www.mart.agency,https://russianbranding.ru/members/maptbrendingovoeagentstvo/,Россия,,Branding,B,"Брендинговое агентство: потенциально нужны презентации для клиентов, pitch materials и визуальная упаковка смыслов."
да,branding,Каталог агентств,Профиль участника АБКР,Mildberry,http://www.mildberry.ru,https://russianbranding.ru/members/mildberry/,Россия,,Branding,B,"Брендинговое агентство: потенциально нужны презентации для клиентов, pitch materials и визуальная упаковка смыслов."
да,branding,Каталог агентств,Профиль участника АБКР,O&P branding,http://www.oblapohin.ru,https://russianbranding.ru/members/opbranding/,Россия,,Branding,B,"Брендинговое агентство: потенциально нужны презентации для клиентов, pitch materials и визуальная упаковка смыслов."
да,branding,Каталог агентств,Профиль участника АБКР,ONY,http://www.ony.ru,https://russianbranding.ru/members/ony/,Россия,,Branding,B,"Брендинговое агентство: потенциально нужны презентации для клиентов, pitch materials и визуальная упаковка смыслов."
да,branding,Каталог агентств,Профиль участника АБКР,OTVETDESIGN,http://www.otvetdesign.ru,https://russianbranding.ru/members/otvetdesign/,Россия,,Branding,B,"Брендинговое агентство: потенциально нужны презентации для клиентов, pitch materials и визуальная упаковка смыслов."
да,branding,Каталог агентств,Профиль участника АБКР,oднимсловом,http://www.odnim-slovom.ru,https://russianbranding.ru/members/odnimslovom/,Россия,,Branding,B,"Брендинговое агентство: потенциально нужны презентации для клиентов, pitch materials и визуальная упаковка смыслов."
да,branding,Каталог агентств,Профиль участника АБКР,PinotAgency,http://www.pinot.agency,https://russianbranding.ru/members/pinotagency/,Россия,,Branding,B,"Брендинговое агентство: потенциально нужны презентации для клиентов, pitch materials и визуальная упаковка смыслов."
да,branding,Каталог агентств,Профиль участника АБКР,Proektmarketing+1,http://www.proektmarketing.ru,https://russianbranding.ru/members/proektmarketing1/,Россия,,Branding,B,"Брендинговое агентство: потенциально нужны презентации для клиентов, pitch materials и визуальная упаковка смыслов."
да,branding,Каталог агентств,Профиль участника АБКР,Quantum Graphics,http://www.qgraphics.ru,https://russianbranding.ru/members/quantumgraphics/,Россия,,Branding,B,"Брендинговое агентство: потенциально нужны презентации для клиентов, pitch materials и визуальная упаковка смыслов."
да,branding,Каталог агентств,Профиль участника АБКР,Radar,http://radar-online.ru,https://russianbranding.ru/members/radar/,Россия,,Branding,B,"Брендинговое агентство: потенциально нужны презентации для клиентов, pitch materials и визуальная упаковка смыслов."
да,branding,Каталог агентств,Профиль участника АБКР,REDIN,http://redin.ru/,https://russianbranding.ru/members/redin/,Россия,,Branding,B,"Брендинговое агентство: потенциально нужны презентации для клиентов, pitch materials и визуальная упаковка смыслов."
да,branding,Каталог агентств,Профиль участника АБКР,REDKEDS,http://redkeds.com,https://russianbranding.ru/members/redkeds/,Россия,,Branding,B,"Брендинговое агентство: потенциально нужны презентации для клиентов, pitch materials и визуальная упаковка смыслов."
да,branding,Каталог агентств,Профиль участника АБКР,Repina branding,http://www.repinabranding.ru,https://russianbranding.ru/members/repinabranding/,Россия,,Branding,B,"Брендинговое агентство: потенциально нужны презентации для клиентов, pitch materials и визуальная упаковка смыслов."
да,branding,Каталог агентств,Профиль участника АБКР,Sensesay,http://sensesay.ru/,https://russianbranding.ru/members/sensesay/,Россия,,Branding,B,"Брендинговое агентство: потенциально нужны презентации для клиентов, pitch materials и визуальная упаковка смыслов."
да,branding,Каталог агентств,Профиль участника АБКР,Soldis communications,http://www.soldis.ru,https://russianbranding.ru/members/soldiscommunications/,Россия,,Branding,B,"Брендинговое агентство: потенциально нужны презентации для клиентов, pitch materials и визуальная упаковка смыслов."
да,branding,Каталог агентств,Профиль участника АБКР,SUETA,http://sueta.team/,https://russianbranding.ru/members/sueta/,Россия,,Branding,B,"Брендинговое агентство: потенциально нужны презентации для клиентов, pitch materials и визуальная упаковка смыслов."
да,branding,Каталог агентств,Профиль участника АБКР,SUPERMARKET Branding Agency,http://www.prostosuper.com,https://russianbranding.ru/members/supermarketbrandingagency/,Россия,,Branding,B,"Брендинговое агентство: потенциально нужны презентации для клиентов, pitch materials и визуальная упаковка смыслов."
да,branding,Каталог агентств,Профиль участника АБКР,The Clients,http://www.theclients.ru/,https://russianbranding.ru/members/theclients/,Россия,,Branding,B,"Брендинговое агентство: потенциально нужны презентации для клиентов, pitch materials и визуальная упаковка смыслов."
да,branding,Каталог агентств,Профиль участника АБКР,TomatDesign,http://tomatdesign.ru,https://russianbranding.ru/members/tomatdesign/,Россия,,Branding,B,"Брендинговое агентство: потенциально нужны презентации для клиентов, pitch materials и визуальная упаковка смыслов."
да,branding,Каталог агентств,Профиль участника АБКР,Viewpoint,http://www.viewpoint.ru,https://russianbranding.ru/members/viewpoint/,Россия,,Branding,B,"Брендинговое агентство: потенциально нужны презентации для клиентов, pitch materials и визуальная упаковка смыслов."
да,branding,Каталог агентств,Профиль участника АБКР,Volga Volga Brand Identity,http://www.volga-volga.com,https://russianbranding.ru/members/volgavolgabrandidentity/,Россия,,Branding,B,"Брендинговое агентство: потенциально нужны презентации для клиентов, pitch materials и визуальная упаковка смыслов."
да,branding,Каталог агентств,Профиль участника АБКР,VOZDUH Brand&Communications,http://ra-vozduh.ru/,https://russianbranding.ru/members/vozduhbrandcommunications/,Россия,,Branding,B,"Брендинговое агентство: потенциально нужны презентации для клиентов, pitch materials и визуальная упаковка смыслов."
да,branding,Каталог агентств,Профиль участника АБКР,Weavers Brand Consultancy,http://weaversbc.ru,https://russianbranding.ru/members/weaversbrandconsultancy/,Россия,,Branding,B,"Брендинговое агентство: потенциально нужны презентации для клиентов, pitch materials и визуальная упаковка смыслов."
да,branding,Каталог агентств,Профиль участника АБКР,Z&G Branding,http://www.zg-brand.ru,https://russianbranding.ru/members/zgbranding/,Россия,,Branding,B,"Брендинговое агентство: потенциально нужны презентации для клиентов, pitch materials и визуальная упаковка смыслов."
да,branding,Каталог агентств,Профиль участника АБКР,Zurashvili Branding,http://zurashvili.biz,https://russianbranding.ru/members/zurashvilibranding/,Россия,,Branding,B,"Брендинговое агентство: потенциально нужны презентации для клиентов, pitch materials и визуальная упаковка смыслов."
да,branding,Каталог агентств,Профиль участника АБКР,агентство lovemedo,http://lvmd.ru,https://russianbranding.ru/members/agentstvolovemedo/,Россия,,Branding,B,"Брендинговое агентство: потенциально нужны презентации для клиентов, pitch materials и визуальная упаковка смыслов."
да,branding,Каталог агентств,Профиль участника АБКР,Агентство продающего креатива SICHKAR GROUP,http://,https://russianbranding.ru/members/agentstvoprodayushchegokreativasichkargroup/,Россия,,Branding,B,"Брендинговое агентство: потенциально нужны презентации для клиентов, pitch materials и визуальная упаковка смыслов."
да,branding,Каталог агентств,Профиль участника АБКР,Артоника,http://www.artonica.ru,https://russianbranding.ru/members/artonika/,Россия,,Branding,B,"Брендинговое агентство: потенциально нужны презентации для клиентов, pitch materials и визуальная упаковка смыслов."
да,branding,Каталог агентств,Профиль участника АБКР,АСГАРД,http://www.asgard-design.com,https://russianbranding.ru/members/asgard/,Россия,,Branding,B,"Брендинговое агентство: потенциально нужны презентации для клиентов, pitch materials и визуальная упаковка смыслов."
да,branding,Каталог агентств,Профиль участника АБКР,Брендинговое агентство «Своё мнение»,http://www.svoemnenie.com,https://russianbranding.ru/members/brendingovoeagentstvosvoyemnenie/,Россия,,Branding,B,"Брендинговое агентство: потенциально нужны презентации для клиентов, pitch materials и визуальная упаковка смыслов."
да,branding,Каталог агентств,Профиль участника АБКР,БрендМиссия,http://BrandMission.ru,https://russianbranding.ru/members/brendmissiya/,Россия,,Branding,B,"Брендинговое агентство: потенциально нужны презентации для клиентов, pitch materials и визуальная упаковка смыслов."
да,branding,Каталог агентств,Профиль участника АБКР,БРЕНДПРОМ,http://brandprom.ru,https://russianbranding.ru/members/brandprom/,Россия,,Branding,B,"Брендинговое агентство: потенциально нужны презентации для клиентов, pitch materials и визуальная упаковка смыслов."
да,branding,Каталог агентств,Профиль участника АБКР,Гордость,http://ragordost.ru,https://russianbranding.ru/members/gordost/,Россия,,Branding,B,"Брендинговое агентство: потенциально нужны презентации для клиентов, pitch materials и визуальная упаковка смыслов."
да,branding,Каталог агентств,Профиль участника АБКР,КИТ и КОТ,http://kitkot.ru,https://russianbranding.ru/members/kitikot/,Россия,,Branding,B,"Брендинговое агентство: потенциально нужны презентации для клиентов, pitch materials и визуальная упаковка смыслов."
да,branding,Каталог агентств,Профиль участника АБКР,Лайтшоп,http://liteshop.design,https://russianbranding.ru/members/laytshop/,Россия,,Branding,B,"Брендинговое агентство: потенциально нужны презентации для клиентов, pitch materials и визуальная упаковка смыслов."
да,branding,Каталог агентств,Профиль участника АБКР,Пинк — креативное ателье,http://pinks.agency/?utm_source=abkr,https://russianbranding.ru/members/pinkkreativnoeatele/,Россия,,Branding,B,"Брендинговое агентство: потенциально нужны презентации для клиентов, pitch materials и визуальная упаковка смыслов."
да,branding,Каталог агентств,Профиль участника АБКР,Пленум,http://www.plenum.ru,https://russianbranding.ru/members/plenum/,Россия,,Branding,B,"Брендинговое агентство: потенциально нужны презентации для клиентов, pitch materials и визуальная упаковка смыслов."
да,branding,Каталог агентств,Профиль участника АБКР,РеАкция,http://ra-24.ru,https://russianbranding.ru/members/reaktsiya/,Россия,,Branding,B,"Брендинговое агентство: потенциально нужны презентации для клиентов, pitch materials и визуальная упаковка смыслов."
да,communications,Сайт агентства,Член АКАР,A1 Team,http://a1-team.ru/,http://a1-team.ru/,Россия,Москва,PR / Communications,A,"Коммуникационное агентство: вероятна потребность в презентациях, pitch materials и визуальной упаковке смыслов."
да,marketing,Сайт агентства,Член АКАР,ACG City,https://www.acgcity.ru,https://www.acgcity.ru/digital,Россия,Москва,Marketing,B,Маркетинговые коммуникации: потенциально нужны коммерческие презентации и материалы для клиентов.
да,digital,Сайт агентства,Член АКАР,Adventum,https://www.adventum.ru/,https://www.adventum.ru/,Россия,Москва,Digital,B,"Digital-агентство: нужны презентации, коммерческие предложения и визуальная упаковка кейсов."
да,branding,Сайт агентства,Член АКАР,Adworm,https://adworm.ru/,https://adworm.ru/,Россия,Москва,Branding,B,Брендинг и коммуникации: релевантно для презентаций и упаковки смыслов.
да,digital,Сайт агентства,Член АКАР,Affect,https://affect.ru/,https://affect.ru/,Россия,Москва,Digital,B,Digital/PR агентство: потенциально нужны pitch materials и презентации клиентских решений.
да,communications,Сайт агентства,Член АКАР,AGT,https://agt.agency/,https://agt.agency/,Россия,Москва,PR / Communications,A,Коммуникационное агентство: регулярная работа с публичными материалами и презентациями.
да,marketing,Сайт агентства,Член АКАР,Ailove,https://ailove.ru/,https://ailove.ru/,Россия,Москва,Marketing,B,Маркетинговые стратегии и кампании: релевантно для презентаций и визуальных материалов.
да,pr,Сайт агентства,Член АКАР,All Stars Media,https://allstarmedia.ru/,https://allstarmedia.ru/,Россия,Москва,PR / Communications,A,PR/SMM/Digital: вероятна потребность в презентациях и упаковке коммуникационных идей.
да,communications,Сайт агентства,Член АКАР,Arena Magic Box,https://www.arenamb.ru/,https://www.arenamb.ru/,Россия,Москва,PR / Communications,A,Коммуникационное агентство полного цикла: релевантно для клиентских презентаций.
да,communications,Сайт агентства,Член АКАР,Ark Connect,http://www.arkconnect.ru/,http://www.arkconnect.ru/,Россия,Москва,PR / Communications,A,"Интегрированные коммуникации: нужны презентации, pitch materials и визуальная структура."
да,marketing,Сайт агентства,Член АКАР,ASV Media,https://asv-media.com/,https://asv-media.com/,Россия,Москва,Marketing,B,Агентство полного цикла: потенциально нужны коммерческие презентации и кейсы.
да,branding,Сайт агентства,Член АКАР,Avrora,https://avrora.ru/,https://avrora.ru/,Россия,Москва,Branding,B,"Маркетинг, брендинг и креатив: релевантно для упаковки смыслов и презентаций."
да,communications,Сайт агентства,Член АКАР,CROS Marketing,https://www.cros.ru/,https://www.cros.ru/ru/,Россия,Москва,PR / Communications,A,Креативные маркетинговые коммуникации: вероятна потребность в презентационных материалах.
да,communications,Сайт агентства,Член АКАР,BBDO Moscow,https://bbdo-moscow.ru/,https://bbdo-moscow.ru/,Россия,Москва,PR / Communications,A,Коммуникационные стратегии и креатив: релевантно для pitch и client materials.
да,communications,Сайт агентства,Член АКАР,BC Agency,https://bcagency.ru/,https://bcagency.ru/,Россия,Москва,Corporate Communications,A,Бренд-коммуникации: возможна потребность в презентациях для клиентов и внутренних коммуникаций.
да,communications,Сайт агентства,Член АКАР,Be All Bright,https://beallbright.com/,https://beallbright.com/,Россия,Москва,PR / Communications,A,"Интегрированные коммуникации: релевантно для презентаций, pitch materials и визуальной упаковки."
да,event,Сайт агентства,Член АКАР,BeBrand,https://bebrand.ru/,https://bebrand.ru/,Россия,Москва,Event,A,"Крупное коммуникационное/event-агентство: нужны презентации для клиентов, тендеров и мероприятий."
да,digital,Сайт агентства,Член АКАР,Bono Digital,https://www.bono.digital/,https://www.bono.digital/,Россия,Москва,Digital,B,Digital-продукты и коммуникации бренда: релевантно для презентаций и кейсов.
да,hr,Сайт агентства,Член АКАР,Braining Group,https://braining.group/,https://braining.group/,Россия,Москва,HR / Employer Brand,B,"HR-маркетинг: возможны презентации для employer brand, внутренних коммуникаций и мероприятий."
да,branding,Сайт агентства,Член АКАР,Compass Brand,https://compassbrand.ru/,https://compassbrand.ru/,Россия,Казань,Branding,B,Корпоративный и HR-брендинг: релевантно для презентаций и упаковки смыслов.
да,pr,Сайт агентства,Член АКАР,ACP Pro,https://acppro.ru/,https://acppro.ru/,Россия,Москва,PR / Communications,A,"Коммуникационное агентство полного цикла: нужны презентации, коммерческие материалы и PR-пакеты."
да,branding,Сайт агентства,Член АКАР,Depot,https://www.depotwpf.ru/,https://www.depotwpf.ru/,Россия,Москва,Branding,B,Брендинговое агентство: потенциально нужны презентации для клиентов и бренд-стратегий.
да,event,Сайт агентства,Член АКАР,Dimirano,https://dimirano.ru/,https://dimirano.ru/,Россия,Москва,Event,A,"Event-агентство: потенциально нужны презентации для тендеров, клиентов и мероприятий."
да,communications,Сайт агентства,Член АКАР,DPG Russia,https://dpgrussia.com/,https://dpgrussia.com/,Россия,Москва,PR / Communications,A,Креативное коммуникационное агентство: релевантно для презентаций и клиентских материалов.
да,digital,Сайт агентства,Член АКАР,E-Promo,https://www.e-promo.ru/,https://www.e-promo.ru/,Россия,Москва,Digital,B,"Digital-агентство: нужны коммерческие презентации, кейсы и материалы для продаж."
да,event,Сайт агентства,Член АКАР,Elkruff,https://elkruff.ru/,https://elkruff.ru/,Россия,Москва,Event,A,Организация мероприятий: потенциально нужны презентации для клиентов и концепций событий.
да,marketing,Сайт агентства,Член АКАР,EMG,https://emg.ru/,https://emg.ru/,Россия,Москва,Marketing,B,Креативное агентство маркетинговых коммуникаций: релевантно для pitch и клиентских презентаций.
да,communications,Сайт агентства,Член АКАР,Friends Moscow,https://friends.moscow/,https://friends.moscow/,Россия,Москва,PR / Communications,A,Коммуникационное и брендинговое агентство: вероятна потребность в презентациях и упаковке смыслов.
да,branding,Сайт агентства,Член АКАР,RAGB,https://ragb.ru/,https://ragb.ru/,Россия,Москва,Branding,B,"Маркетинг, PR и брендинг: релевантно для презентаций и визуальных материалов."
да,digital,Сайт агентства,Член АКАР,Mediaguru,https://www.mediaguru.ru/,https://www.mediaguru.ru/,Россия,Москва,Digital,B,Digital-агентство полного цикла: нужны презентации для клиентов и продаж.
да,communications,Сайт агентства,Член АКАР,IMARS,https://аймарс.рф/,https://аймарс.рф/,Россия,Москва,Corporate Communications,A,Маркетинговые и корпоративные коммуникации: релевантно для презентаций и публичных материалов.
да,communications,Сайт агентства,Член АКАР,Kitchen Consulting,https://www.kitchen.consulting/,https://www.kitchen.consulting/,Россия,Москва,PR / Communications,A,"Креативные концепции, PR и ивенты: вероятна потребность в pitch materials."
да,communications,Сайт агентства,Член АКАР,LBL,https://lbl.ru/,https://lbl.ru/,Россия,Москва,PR / Communications,A,Независимая коммуникационная группа: релевантно для презентаций и визуальной упаковки идей.
да,event,Сайт агентства,Член АКАР,Main Target,https://main-target.ru/,https://main-target.ru/,Россия,Москва,Event,A,"Кампании 360, мероприятия, PR и digital: нужны презентации для клиентов и тендеров."
да,communications,Сайт агентства,Член АКАР,The Market Group,https://themarketgroup.ru/,https://themarketgroup.ru/,Россия,Москва,PR / Communications,A,Коммуникационное агентство B2B/SMM/PR/Digital/MICE: релевантно для BAEV.
да,event,Сайт агентства,Член АКАР,Marvelous,https://www.marvelous.ru,https://www.marvelous.ru,Россия,Москва,Event,A,Интегрированные event & digital проекты: потенциально нужны презентации и клиентские материалы.
да,event,Страница контактов,Сайт агентства,TT Events,https://ttevents.ru/,https://ttevents.ru/,Россия,Москва,Event,A,"Event-агентство: потенциально нужны презентации для тендеров, клиентов и мероприятий."
да,communications,Сайт агентства,Сайт агентства,Step Media,https://stepmedia.pro/,https://stepmedia.pro/,Россия,Москва,PR / Communications,A,PR/Digital communications: вероятна потребность в презентациях и визуальной упаковке смыслов.
да,communications,Сайт агентства,Сайт агентства,AG Loyalty,https://ag-loyalty.com/,https://ag-loyalty.com/,Россия,Москва,PR / Communications,A,"Коммуникационное агентство: нужны презентации для клиентов, публичных материалов и проектов."
да,pr,Страница контактов,Сайт агентства,Persona Grata,https://prpersonagrata.com/,https://prpersonagrata.com/kontakty/,Россия,Москва,PR / Communications,A,"PR-агентство: релевантно для pitch materials, презентаций и визуальной упаковки коммуникаций."
да,marketing,Сайт агентства,Сайт агентства,KeyClient,https://key-client.ru/,https://key-client.ru/,Россия,Москва,Marketing,B,Маркетинговое агентство: потенциально нужны коммерческие презентации и кейсы.
да,marketing,Сайт агентства,Сайт агентства,Super Good,https://sgmarketing.ru/,https://sgmarketing.ru/,Россия,Москва,Marketing,B,Маркетинговый консалтинг и реклама: релевантно для презентаций и коммерческих материалов.
да,marketing,Страница контактов,Сайт агентства,OSPR,https://ospr.ru/,https://ospr.ru/contacts/,Россия,Москва,Marketing,B,"Маркетинговое агентство: потенциально нужны презентации, аналитика и материалы для клиентов."
да,branding,Страница контактов,Сайт агентства,DDVB,https://www.ddvb.ru/,https://www.ddvb.ru/contacts/,Россия,Москва,Branding,B,"Брендинговое агентство: нужны презентации для клиентов, стратегий и визуальной упаковки."
да,branding,Страница контактов,Сайт агентства,WOW! BRAND,https://wowibrand.com/,https://wowibrand.com/contacts/,Россия,Москва,Branding,B,Брендинговое агентство: релевантно для презентаций и упаковки смыслов.
да,branding,Страница контактов,Сайт агентства,Repina Branding,https://repinabranding.ru/,https://repinabranding.ru/contacts,Россия,Москва,Branding,B,Брендинговое агентство: потенциально нужны pitch materials и визуальные презентации.
да,branding,Страница контактов,Сайт агентства,LINII,https://linii.ru/,https://linii.ru/contact/,Россия,Москва,Branding,B,Брендинговое агентство: релевантно для презентаций и визуальной коммуникации.
да,branding,Страница контактов,Сайт агентства,Heads,https://wellhead.ru/,https://wellhead.ru/contacts/,Россия,Москва,Branding,B,Брендинговое агентство B2B: нужны коммерческие презентации и визуальная упаковка смыслов.
да,branding,Сайт агентства,Сайт агентства,Buro Fraai,https://burofraai.com/,https://burofraai.com/,Россия,Москва,Branding,B,Брендинговое агентство: потенциально нужны презентации для клиентов и продаж.
да,branding,Сайт агентства,Сайт агентства,Brand Brothers,https://www.brandbrothers.ru/,https://www.brandbrothers.ru/,Россия,Москва,Branding,B,Брендинг и стратегия: релевантно для презентаций и упаковки сложных смыслов.
да,production,Сайт агентства,Член АКАР,1147,https://1147.pro/,https://1147.pro/,Россия,Москва,Production,B,"Продакшен: потенциально нужны презентации для клиентов, тендеров и упаковки идей проектов."
да,digital,Сайт агентства,Член АКАР,19Agency84,https://19agency84.ru/,https://19agency84.ru/,Россия,Москва,Digital,B,"Digital-агентство: нужны презентации, коммерческие предложения и визуальная упаковка кейсов."
да,marketing,Сайт агентства,Член АКАР,Adchampagne,https://adchampagne.ru/,https://adchampagne.com/,Россия,Москва,Marketing,B,"Маркетинговое агентство: потенциально нужны коммерческие презентации, кейсы и материалы для клиентов."
да,marketing,Сайт агентства,Член АКАР,Admetrixcis,https://admetrixcis.ru/,https://admetrixcis.ru/,Россия,Москва,Marketing,B,"Маркетинговое агентство: потенциально нужны коммерческие презентации, кейсы и материалы для клиентов."
да,marketing,Сайт агентства,Член АКАР,Adriver,https://www.adriver.ru/,https://www.adriver.ru/,Россия,Москва,Marketing,B,"Маркетинговое агентство: потенциально нужны коммерческие презентации, кейсы и материалы для клиентов."
да,marketing,Сайт агентства,Член АКАР,Ad Visor,https://ad-visor.ru/?ysclid=m2u53p21ev987810702,https://ad-visor.ru/?ysclid=m2u53p21ev987810702,Россия,Москва,Marketing,B,"Маркетинговое агентство: потенциально нужны коммерческие презентации, кейсы и материалы для клиентов."
да,communications,Сайт агентства,Член АКАР,Ambitica,https://www.ambitica.ru/,https://www.ambitica.ru/,Россия,Москва,PR / Communications,A,"PR/communications: вероятна потребность в презентациях, pitch materials и визуальной упаковке смыслов."
да,marketing,Сайт агентства,Член АКАР,Artnt,https://artnt.ru/,https://artnt.ru/,Россия,Москва,Marketing,B,"Маркетинговое агентство: потенциально нужны коммерческие презентации, кейсы и материалы для клиентов."
да,communications,Сайт агентства,Член АКАР,Avmmedia,https://avmmedia.ru/,https://avmmedia.ru/,Россия,Москва,PR / Communications,A,"PR/communications: вероятна потребность в презентациях, pitch materials и визуальной упаковке смыслов."
да,digital,Сайт агентства,Член АКАР,Bannerstat,https://bannerstat.ru,https://bannerstat.ru/,Россия,Москва,Digital,B,"Digital-агентство: нужны презентации, коммерческие предложения и визуальная упаковка кейсов."
да,communications,Сайт агентства,Член АКАР,Beetl,https://www.beetl.ru/,https://www.beetl.ru/,Россия,Москва,PR / Communications,A,"PR/communications: вероятна потребность в презентациях, pitch materials и визуальной упаковке смыслов."
да,digital,Сайт агентства,Член АКАР,Betweenx,https://betweenx.ru/,https://betweenx.ru/,Россия,Москва,Digital,B,"Digital-агентство: нужны презентации, коммерческие предложения и визуальная упаковка кейсов."
да,digital,Сайт агентства,Член АКАР,Boson,https://boson.digital/,https://boson.group/,Россия,Москва,Digital,B,"Digital-агентство: нужны презентации, коммерческие предложения и визуальная упаковка кейсов."
да,consulting,Консалтинг,Член АКАР,Cheil,https://www.cheil.com/cz,https://www.cheil.com/cz,Россия,Москва,Consulting,A,"Консалтинг: регулярная работа с презентациями, коммерческими материалами и стратегическими документами."
да,marketing,Сайт агентства,Член АКАР,Cityads,https://cityads.com/main,https://cityads.com/main,Россия,Москва,Marketing,B,"Маркетинговое агентство: потенциально нужны коммерческие презентации, кейсы и материалы для клиентов."
да,communications,Сайт агентства,Член АКАР,Bbdo Group,https://bbdo-group.ru/about/agency/contrapunto/,https://bbdo-group.ru/about/agency/contrapunto/,Россия,Москва,PR / Communications,A,"PR/communications: вероятна потребность в презентациях, pitch materials и визуальной упаковке смыслов."
да,marketing,Сайт агентства,Член АКАР,Csdgroup,http://www.csdgroup.ru/,http://www.csdgroup.ru/,Россия,Москва,Marketing,B,"Маркетинговое агентство: потенциально нужны коммерческие презентации, кейсы и материалы для клиентов."
да,marketing,Сайт агентства,Член АКАР,Dadacreative,https://dadacreative.com/,https://dada.llc/,Россия,Москва,Marketing,B,"Маркетинговое агентство: потенциально нужны коммерческие презентации, кейсы и материалы для клиентов."
да,marketing,Сайт агентства,Член АКАР,Alliance,https://alliance.digital/,https://alliance.digital/,Россия,Москва,Marketing,B,"Маркетинговое агентство: потенциально нужны коммерческие презентации, кейсы и материалы для клиентов."
да,communications,Сайт агентства,Член АКАР,Digitalbudget,https://digitalbudget.ru/,https://digitalbudget.ru/,Россия,Москва,PR / Communications,A,"PR/communications: вероятна потребность в презентациях, pitch materials и визуальной упаковке смыслов."
да,pr,Сайт агентства,Член АКАР,Dinnovate,https://dinnovate.group/,https://dinnovate.group/,Россия,Москва,PR / Communications,A,"PR/communications: вероятна потребность в презентациях, pitch materials и визуальной упаковке смыслов."
да,marketing,Сайт агентства,Член АКАР,Dlgufa,https://dlgufa.ru/,https://dlgufa.ru/,Россия,Москва,Marketing,B,"Маркетинговое агентство: потенциально нужны коммерческие презентации, кейсы и материалы для клиентов."
да,marketing,Сайт агентства,Член АКАР,Easy Media,https://easy-media.ru/,https://easy-media.ru/,Россия,Москва,Marketing,B,"Маркетинговое агентство: потенциально нужны коммерческие презентации, кейсы и материалы для клиентов."
да,digital,Сайт агентства,Член АКАР,Elama,https://elama.ru/,https://elama.ru/,Россия,Москва,Digital,B,"Digital-агентство: нужны презентации, коммерческие предложения и визуальная упаковка кейсов."
да,communications,Сайт агентства,Член АКАР,Elikon Design,http://elikon-design.ru/,http://elikon-design.ru/,Россия,Москва,PR / Communications,A,"PR/communications: вероятна потребность в презентациях, pitch materials и визуальной упаковке смыслов."
да,marketing,Сайт агентства,Член АКАР,Enter,https://enter.promo/,https://enter.promo/,Россия,Москва,Marketing,B,"Маркетинговое агентство: потенциально нужны коммерческие презентации, кейсы и материалы для клиентов."
да,marketing,Сайт агентства,Член АКАР,Espar,http://www.espar.ru/,http://www.espar.ru/,Россия,Москва,Marketing,B,"Маркетинговое агентство: потенциально нужны коммерческие презентации, кейсы и материалы для клиентов."
да,marketing,Сайт агентства,Член АКАР,Aggency,https://aggency.ru/#footer,https://aggency.ru/#footer,Россия,Москва,Marketing,B,"Маркетинговое агентство: потенциально нужны коммерческие презентации, кейсы и материалы для клиентов."
да,digital,Сайт агентства,Член АКАР,Grandms,https://www.grandms.ru/,https://www.grandms.ru/,Россия,Москва,Digital,B,"Digital-агентство: нужны презентации, коммерческие предложения и визуальная упаковка кейсов."
да,marketing,Сайт агентства,Член АКАР,Gratt,https://gratt.ru/,https://gratt.ru/,Россия,Москва,Marketing,B,"Маркетинговое агентство: потенциально нужны коммерческие презентации, кейсы и материалы для клиентов."
да,communications,Сайт агентства,Член АКАР,Group4Media,https://group4media.ru/,https://group4media.ru/,Россия,Москва,PR / Communications,A,"PR/communications: вероятна потребность в презентациях, pitch materials и визуальной упаковке смыслов."
да,marketing,Сайт агентства,Член АКАР,Hdoutdoor,https://www.hdoutdoor.ru/,https://www.hdoutdoor.ru/,Россия,Москва,Marketing,B,"Маркетинговое агентство: потенциально нужны коммерческие презентации, кейсы и материалы для клиентов."
да,event,Сайт агентства,Член АКАР,Highlights,https://highlights.city/reklama/,https://highlights.city/reklama/,Россия,Москва,Event,A,"Event-агентство: потенциально нужны презентации для тендеров, клиентов и мероприятий."
да,event,Сайт агентства,Член АКАР,I Actions,https://www.i-actions.ru/,https://www.i-actions.ru/,Россия,Москва,Event,A,"Event-агентство: потенциально нужны презентации для тендеров, клиентов и мероприятий."
да,event,Сайт агентства,Член АКАР,Iceagency,https://iceagency.ru/,https://iceagency.ru/,Россия,Москва,Event,A,"Event-агентство: потенциально нужны презентации для тендеров, клиентов и мероприятий."
да,marketing,Сайт агентства,Член АКАР,I Com Agency,https://www.i-com-agency.ru/,https://i-com-agency.ru/,Россия,Москва,Marketing,B,"Маркетинговое агентство: потенциально нужны коммерческие презентации, кейсы и материалы для клиентов."
да,event,Сайт агентства,Член АКАР,Indoortv,https://indoortv.media/,https://indoortv.media/,Россия,Москва,Event,A,"Event-агентство: потенциально нужны презентации для тендеров, клиентов и мероприятий."
да,communications,Сайт агентства,Член АКАР,Initiative,https://www.initiative.ru/,https://www.initiative.ru/,Россия,Москва,PR / Communications,A,"PR/communications: вероятна потребность в презентациях, pitch materials и визуальной упаковке смыслов."
да,communications,Сайт агентства,Член АКАР,Instinct,http://www.instinct.ru/,http://www.instinct.ru/,Россия,Москва,PR / Communications,A,"PR/communications: вероятна потребность в презентациях, pitch materials и визуальной упаковке смыслов."
да,marketing,Сайт агентства,Член АКАР,In Tention,https://in-tention.ru/,https://in-tention.ru/,Россия,Москва,Marketing,B,"Маркетинговое агентство: потенциально нужны коммерческие презентации, кейсы и материалы для клиентов."
да,digital,Сайт агентства,Член АКАР,Inpool,https://inpool.ru/,https://inpool.ru/,Россия,Москва,Digital,B,"Digital-агентство: нужны презентации, коммерческие предложения и визуальная упаковка кейсов."
да,digital,Сайт агентства,Член АКАР,Jamilup,https://jamilup.ru/,https://jamilup.ru/,Россия,Москва,Digital,B,"Digital-агентство: нужны презентации, коммерческие предложения и визуальная упаковка кейсов."
да,marketing,Сайт агентства,Член АКАР,Kinemotor,https://kinemotor.pro/,https://kinemotor.pro/,Россия,Москва,Marketing,B,"Маркетинговое агентство: потенциально нужны коммерческие презентации, кейсы и материалы для клиентов."
да,event,Сайт агентства,Член АКАР,Maergroup,https://maergroup.ru/,https://maergroup.ru/,Россия,Москва,Event,A,"Event-агентство: потенциально нужны презентации для тендеров, клиентов и мероприятий."
да,consulting,Консалтинг,Член АКАР,Okkam,https://okkam.group/,https://okkam.group/,Россия,Москва,Consulting,A,"Консалтинг: регулярная работа с презентациями, коммерческими материалами и стратегическими документами."
да,marketing,Сайт агентства,Член АКАР,Mccann,https://www.mccann.ru,https://www.mccann.ru/,Россия,Москва,Marketing,B,"Маркетинговое агентство: потенциально нужны коммерческие презентации, кейсы и материалы для клиентов."
да,communications,Сайт агентства,Член АКАР,Mediadirectiongroup,https://mediadirectiongroup.ru/agency/omd-media-direction/,https://mediadirectiongroup.ru/agency/omd-media-direction/,Россия,Москва,PR / Communications,A,"PR/communications: вероятна потребность в презентациях, pitch materials и визуальной упаковке смыслов."
да,event,Сайт агентства,Член АКАР,Media Insight,https://media-insight.ru/,https://media-insight.ru/,Россия,Москва,Event,A,"Event-агентство: потенциально нужны презентации для тендеров, клиентов и мероприятий."
да,marketing,Сайт агентства,Член АКАР,Mediainstinctgroup,https://mediainstinctgroup.ru/,https://mediainstinctgroup.ru/,Россия,Москва,Marketing,B,"Маркетинговое агентство: потенциально нужны коммерческие презентации, кейсы и материалы для клиентов."
да,communications,Сайт агентства,Член АКАР,Medialinkrussia,https://medialinkrussia.ru/,https://medialinkrussia.ru/,Россия,Москва,PR / Communications,A,"PR/communications: вероятна потребность в презентациях, pitch materials и визуальной упаковке смыслов."
да,marketing,Сайт агентства,Член АКАР,House Of Communication,https://www.house-of-communication.com/de/en.html,https://www.house-of-communication.com/de/en.html,Россия,Москва,Marketing,B,"Маркетинговое агентство: потенциально нужны коммерческие презентации, кейсы и материалы для клиентов."
да,marketing,Сайт агентства,Член АКАР,Media Pulse,https://media-pulse.ru/,https://media-pulse.ru/,Россия,Москва,Marketing,B,"Маркетинговое агентство: потенциально нужны коммерческие презентации, кейсы и материалы для клиентов."
да,event,Сайт агентства,Член АКАР,Media Trast,https://media-trast.ru,https://media-trast.ru/,Россия,Москва,Event,A,"Event-агентство: потенциально нужны презентации для тендеров, клиентов и мероприятий."
да,consulting,Консалтинг,Член АКАР,Mediaaudit,https://www.mediaaudit.ru/,https://www.mediaaudit.ru/,Россия,Москва,Consulting,A,"Консалтинг: регулярная работа с презентациями, коммерческими материалами и стратегическими документами."
да,marketing,Сайт агентства,Член АКАР,Mediacab,https://mediacab.ru/?fa821dba_redirect,https://mediacab.ru/?fa821dba_redirect,Россия,Москва,Marketing,B,"Маркетинговое агентство: потенциально нужны коммерческие презентации, кейсы и материалы для клиентов."
да,marketing,Сайт агентства,Член АКАР,Medianet,http://www.medianet.ru/,http://www.medianet.ru/,Россия,Москва,Marketing,B,"Маркетинговое агентство: потенциально нужны коммерческие презентации, кейсы и материалы для клиентов."
да,communications,Сайт агентства,Член АКАР,Mera Agency,https://mera-agency.ru/,https://okkam.group/mera/,Россия,Москва,PR / Communications,A,"PR/communications: вероятна потребность в презентациях, pitch materials и визуальной упаковке смыслов."
да,digital,Сайт агентства,Член АКАР,Mgcom,https://mgcom.ru/,https://mgcom.ru/,Россия,Москва,Digital,B,"Digital-агентство: нужны презентации, коммерческие предложения и визуальная упаковка кейсов."
да,pr,Сайт агентства,Член АКАР,Millennium M,https://millennium-m.ru/,https://millennium-m.ru/,Россия,Москва,PR / Communications,A,"PR/communications: вероятна потребность в презентациях, pitch materials и визуальной упаковке смыслов."
да,production,Сайт агентства,Член АКАР,Moe,https://moe.video/,https://moe.video/,Россия,Москва,Production,B,"Продакшен: потенциально нужны презентации для клиентов, тендеров и упаковки идей проектов."
да,communications,Сайт агентства,Член АКАР,Mosaicmedia,https://mosaicmedia.ru/,https://mosaicmedia.ru/,Россия,Москва,PR / Communications,A,"PR/communications: вероятна потребность в презентациях, pitch materials и визуальной упаковке смыслов."
да,communications,Сайт агентства,Член АКАР,Motivegroup,https://motivegroup.ru/,https://motivegroup.ru/,Россия,Москва,PR / Communications,A,"PR/communications: вероятна потребность в презентациях, pitch materials и визуальной упаковке смыслов."
да,communications,Сайт агентства,Член АКАР,Movie Group,https://movie-group.ru/,https://movie-group.ru/,Россия,Москва,PR / Communications,A,"PR/communications: вероятна потребность в презентациях, pitch materials и визуальной упаковке смыслов."
да,pr,Сайт агентства,Член АКАР,Serm Orm,https://serm-orm.ru,https://serm-orm.ru/,Россия,Москва,PR / Communications,A,"PR/communications: вероятна потребность в презентациях, pitch materials и визуальной упаковке смыслов."
да,digital,Сайт агентства,Член АКАР,Nameradio,https://nameradio.ru/,https://nameradio.ru/,Россия,Москва,Digital,B,"Digital-агентство: нужны презентации, коммерческие предложения и визуальная упаковка кейсов."
да,communications,Сайт агентства,Член АКАР,Newsmedia,https://newsmedia.ru/,https://newsmedia.ru/,Россия,Москва,PR / Communications,A,"PR/communications: вероятна потребность в презентациях, pitch materials и визуальной упаковке смыслов."
да,pr,Сайт агентства,Член АКАР,Nmigroup,https://nmigroup.ru/,https://nmigroup.ru/,Россия,Москва,PR / Communications,A,"PR/communications: вероятна потребность в презентациях, pitch materials и визуальной упаковке смыслов."
да,communications,Сайт агентства,Член АКАР,Omd,https://www.omd.ru/,https://www.omd.ru/,Россия,Москва,PR / Communications,A,"PR/communications: вероятна потребность в презентациях, pitch materials и визуальной упаковке смыслов."
да,event,Сайт агентства,Член АКАР,O M I,https://o-m-i.ru/,https://o-m-i.ru/,Россия,Москва,Event,A,"Event-агентство: потенциально нужны презентации для тендеров, клиентов и мероприятий."
да,communications,Сайт агентства,Член АКАР,One Touch,https://one-touch.ru/,https://one-touch.ru/,Россия,Москва,PR / Communications,A,"PR/communications: вероятна потребность в презентациях, pitch materials и визуальной упаковке смыслов."
да,communications,Сайт агентства,Член АКАР,Oom Agency,https://www.oom-agency.ru/,https://www.oom-agency.ru/,Россия,Москва,PR / Communications,A,"PR/communications: вероятна потребность в презентациях, pitch materials и визуальной упаковке смыслов."
да,communications,Сайт агентства,Член АКАР,Ortacommunications,http://ortacommunications.com/,http://ortacommunications.com/,Россия,Москва,PR / Communications,A,"PR/communications: вероятна потребность в презентациях, pitch materials и визуальной упаковке смыслов."
да,pr,Сайт агентства,Член АКАР,P1R,https://p1r.ru/,https://p1r.ru/,Россия,Москва,PR / Communications,A,"PR/communications: вероятна потребность в презентациях, pitch materials и визуальной упаковке смыслов."
да,marketing,Сайт агентства,Член АКАР,Posterscope,https://www.posterscope.com/,https://www.posterscope.com/,Россия,Москва,Marketing,B,"Маркетинговое агентство: потенциально нужны коммерческие презентации, кейсы и материалы для клиентов."
да,communications,Сайт агентства,Член АКАР,Rragency,https://rragency.ru/,https://rragency.ru/,Россия,Москва,PR / Communications,A,"PR/communications: вероятна потребность в презентациях, pitch materials и визуальной упаковке смыслов."
да,digital,Сайт агентства,Член АКАР,Media Ppl,https://www.media-ppl.ru/,https://www.media-ppl.ru/,Россия,Москва,Digital,B,"Digital-агентство: нужны презентации, коммерческие предложения и визуальная упаковка кейсов."
да,pr,Сайт агентства,Член АКАР,Prnews,https://www.prnews.ru/,https://www.prnews.ru/,Россия,Москва,PR / Communications,A,"PR/communications: вероятна потребность в презентациях, pitch materials и визуальной упаковке смыслов."
да,marketing,Сайт агентства,Член АКАР,Primeoutdoor,https://primeoutdoor.ru/,https://primeoutdoor.ru/,Россия,Москва,Marketing,B,"Маркетинговое агентство: потенциально нужны коммерческие презентации, кейсы и материалы для клиентов."
да,pr,Сайт агентства,Член АКАР,Progresspr,https://progresspr.ru/,https://progresspr.ru/,Россия,Москва,PR / Communications,A,"PR/communications: вероятна потребность в презентациях, pitch materials и визуальной упаковке смыслов."
да,communications,Сайт агентства,Член АКАР,Progressiongroup,https://progressiongroup.ru/,https://progressiongroup.ru/,Россия,Москва,PR / Communications,A,"PR/communications: вероятна потребность в презентациях, pitch materials и визуальной упаковке смыслов."
да,digital,Сайт агентства,Член АКАР,Projectwave,https://projectwave.ru/,https://projectwave.ru/,Россия,Москва,Digital,B,"Digital-агентство: нужны презентации, коммерческие предложения и визуальная упаковка кейсов."
да,communications,Сайт агентства,Член АКАР,M,https://m.bbdo-group.ru/about/agency/proximity/,https://m.bbdo-group.ru/about/agency/proximity/,Россия,Москва,PR / Communications,A,"PR/communications: вероятна потребность в презентациях, pitch materials и визуальной упаковке смыслов."
да,digital,Сайт агентства,Член АКАР,Rain Group,http://www.rain-group.ru/,http://www.rain-group.ru/,Россия,Москва,Digital,B,"Digital-агентство: нужны презентации, коммерческие предложения и визуальная упаковка кейсов."
да,marketing,Сайт агентства,Член АКАР,Rasvero,http://www.rasvero.ru/,https://www.rasvero.ru/,Россия,Москва,Marketing,B,"Маркетинговое агентство: потенциально нужны коммерческие презентации, кейсы и материалы для клиентов."
да,digital,Сайт агентства,Член АКАР,Realweb,https://www.realweb.ru,https://realweb.ru/,Россия,Москва,Digital,B,"Digital-агентство: нужны презентации, коммерческие предложения и визуальная упаковка кейсов."
да,event,Сайт агентства,Член АКАР,Redday,https://redday.events/,https://redday.events/,Россия,Москва,Event,A,"Event-агентство: потенциально нужны презентации для тендеров, клиентов и мероприятий."
да,pr,Сайт агентства,Член АКАР,Rore,https://rore.group,https://rore.group/,Россия,Москва,PR / Communications,A,"PR/communications: вероятна потребность в презентациях, pitch materials и визуальной упаковке смыслов."
да,digital,Сайт агентства,Член АКАР,Rta Moscow,https://rta-moscow.com/,https://rta-moscow.com/,Россия,Москва,Digital,B,"Digital-агентство: нужны презентации, коммерческие предложения и визуальная упаковка кейсов."
нет,communications,Сайт агентства,Член АКАР,Sinners,https://sinners.studio/ru/,https://sinners.studio/ru/,Россия,Москва,PR / Communications,A,"PR/communications: вероятна потребность в презентациях, pitch materials и визуальной упаковке смыслов.; Отключён: публичная страница отдаёт 403 Forbidden при обычном GET."
да,communications,Сайт агентства,Член АКАР,Skyalliance,https://skyalliance.media/,https://skyalliance.media/,Россия,Москва,PR / Communications,A,"PR/communications: вероятна потребность в презентациях, pitch materials и визуальной упаковке смыслов."
да,communications,Сайт агентства,Член АКАР,Slava,https://slava.agency/,https://slava.agency/,Россия,Москва,PR / Communications,A,"PR/communications: вероятна потребность в презентациях, pitch materials и визуальной упаковке смыслов."
да,marketing,Сайт агентства,Член АКАР,Sa,https://sa.media/smart-view/,https://sa.media/smart-view/,Россия,Москва,Marketing,B,"Маркетинговое агентство: потенциально нужны коммерческие презентации, кейсы и материалы для клиентов."
да,communications,Сайт агентства,Член АКАР,So Bytie,https://so-bytie.ru/,https://so-bytie.ru/,Россия,Москва,PR / Communications,A,"PR/communications: вероятна потребность в презентациях, pitch materials и визуальной упаковке смыслов."
да,marketing,Сайт агентства,Член АКАР,Socialist,https://socialist.pro/,https://socialist.pro/,Россия,Москва,Marketing,B,"Маркетинговое агентство: потенциально нужны коммерческие презентации, кейсы и материалы для клиентов."
да,event,Сайт агентства,Член АКАР,Spncomms,https://spncomms.com/,https://spncomms.com/,Россия,Москва,Event,A,"Event-агентство: потенциально нужны презентации для тендеров, клиентов и мероприятий."
да,event,Сайт агентства,Член АКАР,Structura,https://structura.agency/,https://structura.agency/,Россия,Москва,Event,A,"Event-агентство: потенциально нужны презентации для тендеров, клиентов и мероприятий."
да,marketing,Сайт агентства,Член АКАР,Sunlight Outdoor,https://www.sunlight-outdoor.ru/,https://www.sunlight-outdoor.ru/,Россия,Москва,Marketing,B,"Маркетинговое агентство: потенциально нужны коммерческие презентации, кейсы и материалы для клиентов."
да,marketing,Сайт агентства,Член АКАР,Tma Agency,https://tma-agency.ru/,https://tma-agency.ru/,Россия,Москва,Marketing,B,"Маркетинговое агентство: потенциально нужны коммерческие презентации, кейсы и материалы для клиентов."
да,marketing,Сайт агентства,Член АКАР,Tmglab,https://tmglab.ru/,https://tmglab.ru/,Россия,Москва,Marketing,B,"Маркетинговое агентство: потенциально нужны коммерческие презентации, кейсы и материалы для клиентов."
да,marketing,Сайт агентства,Член АКАР,Totalview,https://totalview.ru/,https://totalview.ru/,Россия,Москва,Marketing,B,"Маркетинговое агентство: потенциально нужны коммерческие презентации, кейсы и материалы для клиентов."
да,communications,Сайт агентства,Член АКАР,T Agency,https://t-agency.ru/?ysclid=md39tmylp8528988672,https://t-agency.ru/?ysclid=md39tmylp8528988672,Россия,Москва,PR / Communications,A,"PR/communications: вероятна потребность в презентациях, pitch materials и визуальной упаковке смыслов."
да,marketing,Сайт агентства,Член АКАР,1Mt,https://1mt.ru/,https://1mt.ru/,Россия,Москва,Marketing,B,"Маркетинговое агентство: потенциально нужны коммерческие презентации, кейсы и материалы для клиентов."
да,communications,Сайт агентства,Член АКАР,Tvin Imc,https://tvin-imc.ru/,https://tvin-imc.ru/,Россия,Москва,PR / Communications,A,"PR/communications: вероятна потребность в презентациях, pitch materials и визуальной упаковке смыслов."
да,event,Сайт агентства,Член АКАР,Twiga,https://twiga.ru/,https://twiga.ru/,Россия,Москва,Event,A,"Event-агентство: потенциально нужны презентации для тендеров, клиентов и мероприятий."
да,communications,Сайт агентства,Член АКАР,Umww,https://www.umww.com/,https://www.umww.com/,Россия,Москва,PR / Communications,A,"PR/communications: вероятна потребность в презентациях, pitch materials и визуальной упаковке смыслов."
да,marketing,Сайт агентства,Член АКАР,Unionmedia,https://unionmedia.ru/#section_1,https://unionmedia.ru/#section_1,Россия,Москва,Marketing,B,"Маркетинговое агентство: потенциально нужны коммерческие презентации, кейсы и материалы для клиентов."
да,digital,Сайт агентства,Член АКАР,Voskhod,https://voskhod.agency/,https://voskhod.agency/,Россия,Москва,Digital,B,"Digital-агентство: нужны презентации, коммерческие предложения и визуальная упаковка кейсов."
да,pr,Сайт агентства,Член АКАР,Wellermedia,https://wellermedia.ru/,https://wellermedia.ru/,Россия,Москва,PR / Communications,A,"PR/communications: вероятна потребность в презентациях, pitch materials и визуальной упаковке смыслов."
да,communications,Сайт агентства,Член АКАР,Win2Win,https://win2win.ru/,https://win2win.ru/,Россия,Москва,PR / Communications,A,"PR/communications: вероятна потребность в презентациях, pitch materials и визуальной упаковке смыслов."
да,production,Сайт агентства,Член АКАР,Amedia Outdoor,https://amedia-outdoor.ru/,https://amedia-outdoor.ru/,Россия,Москва,Production,B,"Продакшен: потенциально нужны презентации для клиентов, тендеров и упаковки идей проектов."
да,marketing,Сайт агентства,Член АКАР,Rg Arifmetika,https://rg-arifmetika.ru/,https://rg-arifmetika.ru/,Россия,Москва,Marketing,B,"Маркетинговое агентство: потенциально нужны коммерческие презентации, кейсы и материалы для клиентов."
да,digital,Сайт агентства,Член АКАР,Artics,https://www.artics.ru/,https://www.artics.ru/,Россия,Москва,Digital,B,"Digital-агентство: нужны презентации, коммерческие предложения и визуальная упаковка кейсов."
да,marketing,Сайт агентства,Член АКАР,Vitalcompany,https://vitalcompany.pro/,https://vitalcompany.pro/,Россия,Москва,Marketing,B,"Маркетинговое агентство: потенциально нужны коммерческие презентации, кейсы и материалы для клиентов."
да,pr,Сайт агентства,Член АКАР,Piar,https://piar.bz,https://piar.bz/,Россия,Москва,PR / Communications,A,"PR/communications: вероятна потребность в презентациях, pitch materials и визуальной упаковке смыслов."
да,event,Страница контактов,Сайт агентства,Лаборатория событий,https://www.labevent.ru/,https://www.labevent.ru/contact,Россия,Москва,Event,A,"Event-агентство: потенциально нужны презентации для тендеров, клиентов и мероприятий."
да,event,Сайт агентства,Сайт агентства,Five Promotion,https://btl-agency.com/,https://btl-agency.com/,Россия,Москва,Event,A,"Event-агентство: потенциально нужны презентации для тендеров, клиентов и мероприятий."
да,event,Сайт агентства,Сайт агентства,Toras Events,https://www.toras.events/,https://www.toras.events/,Россия,Москва,Event,A,"Event-агентство: потенциально нужны презентации для тендеров, клиентов и мероприятий."
да,event,Сайт агентства,Сайт агентства,Dari Event,https://darievent.ru/,https://darievent.ru/,Россия,Москва,Event,A,"Event-агентство: потенциально нужны презентации для тендеров, клиентов и мероприятий."
да,event,Сайт агентства,Сайт агентства,Creative Market,https://creativemarket.ru/,https://creativemarket.ru/,Россия,Москва,Event,A,"Event-агентство: потенциально нужны презентации для тендеров, клиентов и мероприятий."
да,event,Сайт агентства,Сайт агентства,Open Air Inc,https://openair-inc.ru/,https://openair-inc.ru/,Россия,Москва,Event,A,"Event-агентство: потенциально нужны презентации для тендеров, клиентов и мероприятий."
да,event,Сайт агентства,Сайт агентства,Lyra Agency,https://lyra-agency.ru/,https://lyra-agency.ru/,Россия,Москва,Event,A,"Event-агентство: потенциально нужны презентации для тендеров, клиентов и мероприятий."
да,event,Сайт агентства,Сайт агентства,Eventum Premo,https://eventum-premo.ru/,https://eventum-premo.ru/,Россия,Москва,Event,A,"Event-агентство: потенциально нужны презентации для тендеров, клиентов и мероприятий."
да,event,Организатор мероприятия,Сайт мероприятия,CSTB.PRO.MEDIA / Мидэкспо,https://cstb.ru/,https://cstb.ru/contacts/,Россия,Москва,Event,A,"Event-агентство: потенциально нужны презентации для тендеров, клиентов и мероприятий."
да,event,Организатор мероприятия,Сайт мероприятия,Retail Week / Retail Event,https://retailweek.ru/,https://retailweek.ru/contacts.html,Россия,Москва,Event,A,"Event-агентство: потенциально нужны презентации для тендеров, клиентов и мероприятий."
да,event,Организатор мероприятия,Сайт мероприятия,All in Top Conf,https://www.allintopconf.ru/,https://www.allintopconf.ru/contact/,Россия,Москва,Event,A,"Event-агентство: потенциально нужны презентации для тендеров, клиентов и мероприятий."
да,event,Организатор мероприятия,Сайт мероприятия,INNO-WAVE / ТЕКОРА,https://inno-wave.ru/,https://inno-wave.ru/,Россия,Москва,Event,A,"Event-агентство: потенциально нужны презентации для тендеров, клиентов и мероприятий."
да,event,Организатор мероприятия,Сайт мероприятия,TOURCONF,https://tour-conf.ru/,https://tour-conf.ru/,Россия,Москва,Event,A,"Event-агентство: потенциально нужны презентации для тендеров, клиентов и мероприятий."
да,event,Организатор мероприятия,Сайт мероприятия,ProductConf,https://productconf.ru/,https://productconf.ru/,Россия,Москва,Event,A,"Event-агентство: потенциально нужны презентации для тендеров, клиентов и мероприятий."
да,event,Организатор мероприятия,Сайт мероприятия,1С:ERP Бизнес-форум,https://1c.ru/,https://1c.ru/bf/default.jsp,Россия,Москва,Event,A,"Event-агентство: потенциально нужны презентации для тендеров, клиентов и мероприятий."
да,event,Организатор мероприятия,Сайт мероприятия,РБК Events,https://events.rbc.ru/,https://events.rbc.ru/,Россия,Москва,Event,A,"Event-агентство: потенциально нужны презентации для тендеров, клиентов и мероприятий."
да,event,Организатор мероприятия,Сайт мероприятия,Ведомости Конференции,https://events.vedomosti.ru/,https://events.vedomosti.ru/,Россия,Москва,Event,A,"Event-агентство: потенциально нужны презентации для тендеров, клиентов и мероприятий."
да,event,Организатор мероприятия,Сайт мероприятия,Коммерсантъ Конференции,https://www.kommersant.ru/,https://events.kommersant.ru/,Россия,Москва,Event,A,"Event-агентство: потенциально нужны презентации для тендеров, клиентов и мероприятий."
да,event,Организатор мероприятия,Сайт мероприятия,Plus-Forum,https://plus-forum.com/,https://www.plus-forum.com/,Россия,Москва,Event,A,"Event-агентство: потенциально нужны презентации для тендеров, клиентов и мероприятий."
да,event,Организатор мероприятия,Сайт мероприятия,Synergy Global Forum,https://synergyglobal.ru/,https://synergyglobal.ru/,Россия,Москва,Event,A,"Event-агентство: потенциально нужны презентации для тендеров, клиентов и мероприятий."
да,event,Организатор мероприятия,Сайт мероприятия,ProductSense,https://productsense.io/,https://productsense.io/,Россия,Москва,Event,A,"Event-агентство: потенциально нужны презентации для тендеров, клиентов и мероприятий."
да,event,Организатор мероприятия,Сайт мероприятия,ProductCamp Russia,https://productcamp.ru/,https://productcamp.ru/,Россия,Москва,Event,A,"Event-агентство: потенциально нужны презентации для тендеров, клиентов и мероприятий."
да,event,Организатор мероприятия,Сайт мероприятия,Scoring Day,https://scorconf.ru/,https://scorconf.ru/,Россия,Москва,Event,A,"Event-агентство: потенциально нужны презентации для тендеров, клиентов и мероприятий."
да,pr,Страница контактов,Сайт агентства,EpicCenter,https://epiccenter.ru/,https://epiccenter.ru/contacts/,Россия,Москва,PR / Communications,A,"PR/communications: вероятна потребность в презентациях, pitch materials и визуальной упаковке смыслов."
да,pr,Сайт агентства,Сайт агентства,Авторитет,https://avtoritet.agency/,https://avtoritet.agency/,Россия,Москва,PR / Communications,A,"PR/communications: вероятна потребность в презентациях, pitch materials и визуальной упаковке смыслов."
да,communications,Сайт агентства,Сайт агентства,Telller,https://telller.ru/,https://telller.ru/,Россия,Москва,PR / Communications,A,"PR/communications: вероятна потребность в презентациях, pitch materials и визуальной упаковке смыслов."
да,pr,Сайт агентства,Сайт агентства,PR Life,https://pr-life.com/,https://pr-life.com/,Россия,Москва,PR / Communications,A,"PR/communications: вероятна потребность в презентациях, pitch materials и визуальной упаковке смыслов."
да,pr,Сайт агентства,Сайт агентства,Практика,https://pr-practice.ru/,https://pr-practice.ru/,Россия,Москва,PR / Communications,A,"PR/communications: вероятна потребность в презентациях, pitch materials и визуальной упаковке смыслов."
да,pr,Сайт агентства,Сайт агентства,ЛЮДИ PR,https://www.pr-agentstvo.moscow/,https://www.pr-agentstvo.moscow/,Россия,Москва,PR / Communications,A,"PR/communications: вероятна потребность в презентациях, pitch materials и визуальной упаковке смыслов."
да,communications,Сайт агентства,Сайт агентства,ADVES,https://adves.com/,https://adves.com/,Россия,Москва,PR / Communications,A,"PR/communications: вероятна потребность в презентациях, pitch materials и визуальной упаковке смыслов."
да,pr,Сайт агентства,Сайт агентства,14/92,https://reputaziya.ru/,https://reputaziya.ru/,Россия,Москва,PR / Communications,A,"PR/communications: вероятна потребность в презентациях, pitch materials и визуальной упаковке смыслов."
да,pr,Сайт агентства,Сайт агентства,MPR,https://www.mpr.ru/,https://www.mpr.ru/,Россия,Москва,PR / Communications,A,"PR/communications: вероятна потребность в презентациях, pitch materials и визуальной упаковке смыслов."
да,consulting,Консалтинг,Консалтинг,Yakov and Partners,https://yakov.partners/,https://yakovpartners.ru/,Россия,Москва,Consulting,A,"Консалтинг: регулярная работа с презентациями, коммерческими материалами и стратегическими документами."
да,consulting,Консалтинг,Консалтинг,Strategy Partners,https://strategy.ru/,https://strategy.ru/,Россия,Москва,Consulting,A,"Консалтинг: регулярная работа с презентациями, коммерческими материалами и стратегическими документами."
да,consulting,Консалтинг,Консалтинг,SBS Consulting,https://sbs-consulting.ru/,https://sbs-consulting.ru/,Россия,Москва,Consulting,A,"Консалтинг: регулярная работа с презентациями, коммерческими материалами и стратегическими документами."
да,consulting,Консалтинг,Консалтинг,Kept,https://kept.ru/,https://kept.ru/,Россия,Москва,Consulting,A,"Консалтинг: регулярная работа с презентациями, коммерческими материалами и стратегическими документами."
да,consulting,Консалтинг,Консалтинг,B1,https://b1.ru/,https://b1.ru/,Россия,Москва,Consulting,A,"Консалтинг: регулярная работа с презентациями, коммерческими материалами и стратегическими документами."
да,consulting,Консалтинг,Консалтинг,TeDo,https://tedo.ru/,https://tedo.ru/,Россия,Москва,Consulting,A,"Консалтинг: регулярная работа с презентациями, коммерческими материалами и стратегическими документами."
да,consulting,Консалтинг,Консалтинг,Trust Technologies,https://trusttech.ru/,https://trusttech.ru/,Россия,Москва,Consulting,A,"Консалтинг: регулярная работа с презентациями, коммерческими материалами и стратегическими документами."
да,consulting,Консалтинг,Консалтинг,Paper Planes,https://paper-planes.ru/,https://paper-planes.ru/,Россия,Москва,Consulting,A,"Консалтинг: регулярная работа с презентациями, коммерческими материалами и стратегическими документами."
да,consulting,Консалтинг,Консалтинг,ScrumTrek,https://scrumtrek.ru/,https://scrumtrek.ru/,Россия,Москва,Consulting,A,"Консалтинг: регулярная работа с презентациями, коммерческими материалами и стратегическими документами."
да,community,Бизнес-сообщество,Бизнес-сообщество,Ассоциация менеджеров,https://amr.ru/,https://amr.ru/contacts/,Россия,Москва,Business Community,A,"Бизнес-сообщество: потенциально нужны презентации для мероприятий, партнёрских пакетов и публичных материалов."
да,community,Бизнес-сообщество,Бизнес-сообщество,ТПП РФ,https://tpprf.ru/,https://tpprf.ru/ru/about/contacts/,Россия,Москва,Business Community,A,"Бизнес-сообщество: потенциально нужны презентации для мероприятий, партнёрских пакетов и публичных материалов."
да,community,Бизнес-сообщество,Бизнес-сообщество,РСПП,https://rspp.ru/,https://rspp.ru/contacts/,Россия,Москва,Business Community,A,"Бизнес-сообщество: потенциально нужны презентации для мероприятий, партнёрских пакетов и публичных материалов."
да,community,Бизнес-сообщество,Бизнес-сообщество,Клуб 500,https://club500.com/,https://club500.com/,Россия,Москва,Business Community,A,"Бизнес-сообщество: потенциально нужны презентации для мероприятий, партнёрских пакетов и публичных материалов."
да,community,Бизнес-сообщество,Бизнес-сообщество,Атланты,https://atlanty.ru/,https://atlanty.ru/,Россия,Москва,Business Community,A,"Бизнес-сообщество: потенциально нужны презентации для мероприятий, партнёрских пакетов и публичных материалов."
да,community,Бизнес-сообщество,Бизнес-сообщество,Equium,https://equium.club/,https://equium.community/ru,Россия,Москва,Business Community,A,"Бизнес-сообщество: потенциально нужны презентации для мероприятий, партнёрских пакетов и публичных материалов."
да,community,Бизнес-сообщество,Бизнес-сообщество,ReФорма,https://reforma.business/,https://reforma.business/,Россия,Москва,Business Community,A,"Бизнес-сообщество: потенциально нужны презентации для мероприятий, партнёрских пакетов и публичных материалов."
да,education,Образовательный проект,Образовательный проект,Moscow Business School,https://mbschool.ru/,https://mbschool.ru/contacts/,Россия,Москва,Education,B,"Образовательный проект: нужны презентации для программ, партнёров, мероприятий и продаж."
да,education,Образовательный проект,Образовательный проект,Нетология,https://netology.ru/,https://netology.ru/about,Россия,Москва,Education,B,"Образовательный проект: нужны презентации для программ, партнёров, мероприятий и продаж."
да,education,Образовательный проект,Образовательный проект,SF Education,https://sf.education/,https://sf.education/,Россия,Москва,Education,B,"Образовательный проект: нужны презентации для программ, партнёров, мероприятий и продаж."
да,education,Образовательный проект,Образовательный проект,MAED,https://maed.ru/,https://maed.ru/,Россия,Москва,Education,B,"Образовательный проект: нужны презентации для программ, партнёров, мероприятий и продаж."
да,education,Образовательный проект,Образовательный проект,ProductStar,https://productstar.ru/,https://productstar.ru/,Россия,Москва,Education,B,"Образовательный проект: нужны презентации для программ, партнёров, мероприятий и продаж."
да,hr,Сайт агентства,Сайт агентства,ЭКОПСИ Консалтинг,https://www.ecopsy.ru/,https://www.ecopsy.ru/tmgrdfrend/showcaptcha?cc=1&form-fb-hint=2.150&mt=48C7BE545F225070B29EDB681FB0B8E22FC36D443AE1933A6E4BEDAD27CD2D42A039418F41CFCCB8C5ADC48DF614C54FDF4006CA88DEF7C39F0D34196C26F2C090DAB2375BC45D4C8FA8AAB454A40BF48E65AD2469433B7C054F55C59C30D8BC51051D9DE3678E7ABE3D960F69ABCDE020352D3F261079C6C934E68EFF2E4039173708767939675FE5753239805619914C0D8E9B97CE8252D6B267EC08D04653C87B013F236AD86204D7F45213AE2432D875E3007D3D9010C196BE017FEBD5828E7C27D7243C53A40C75766D24022A075C5E621F831198FEF8C549F0B1B05FDA347A8652553167F7A06B4FBFF2A7423EE937&retpath=aHR0cHM6Ly93d3cuZWNvcHN5LnJ1Lz8%2C_3b2d0853eefb14ec0d0f2aa0f06995c0&t=7%252F1778601319%252F0549e8e144020be31df0aca6582b0edb&u=8679449621445611179&s=65faa6eb394eaa8b08f5edd2f7512035,Россия,Москва,HR / Employer Brand,B,Смежный B2B-источник: возможна потребность в презентациях и визуальной упаковке бизнес-материалов.
да,hr,Сайт агентства,Сайт агентства,ЭКОПСИ Employer Brand,https://www.ecopsy.ru/,https://www.ecopsy.ru/tmgrdfrend/showcaptcha?cc=1&form-fb-hint=2.150&mt=D3E19A235FE60AEA9210CA890318905EFDC6D70D0C9C8DEF37F1C24E04D16C550108DE2A6FC0C8B1E6DDE722B5EE2D21A7A91F2F55FB12EF820F98932A7472BA8F470C91328325AB4B0FC298B6ADD6FAB93E48F4C4706CB5DF1F4F4F4784527A1ABA2FBAB8BDA592FFE74F7A98C9EECADB202FCBE24D98EBA3D349E4E9EBD52B91A766EFE66BB3D93AFCE66C842EDC58F4BA0191ED58469E80922FD1B73B290602BBE138ECF049DC308C47C99808F118A73D0BF8C0BE4BEFB3EB50766F23E055D5517FAF3DDCF1074100BD7E634589EBD2E93A536BB34B8747463CD0BF2A5C04F76340CAF3FF21E5BFDDE21D37336ED6CEF0&retpath=aHR0cHM6Ly93d3cuZWNvcHN5LnJ1L3NlcnZpY2VzL2VtcGxveWVyLWJyYW5kPw%2C%2C_7b16a8ff6bc6ca6ad3b20b2a7b934982&t=7%252F1778601319%252F9188bc2eb86cefa4aeeb56cd4cdc991c&u=8679449621177303466&s=7853039a2bc92e531f607ebe1b4dbc4a,Россия,Москва,HR / Employer Brand,B,Смежный B2B-источник: возможна потребность в презентациях и визуальной упаковке бизнес-материалов.
