ID,Статус,Приоритет,Сегмент,Тип компании,Компания,Имя,Должность,Email,Тип email,Телефон,Сайт,LinkedIn,Telegram,Страна,Город,Отрасль,Источник,URL источника,Потенциальный интерес,Дата добавления,Дата обновления,Уверенность,Комментарий
f2cc38111f81269d,Проверить,A,communications,communications agency,A1 Team,,,hello@a1-team.ru,Общий,+7 (495) 799-49-59,http://a1-team.ru/,,,Россия,Москва,PR / Communications,Член АКАР,http://a1-team.ru/,"Релевантно для BAEV: коммуникационным командам часто нужны презентации, питчи, визуальная упаковка смыслов и материалы для клиентов.",2026-05-12,2026-05-12,95,"Коммуникационное агентство: вероятна потребность в презентациях, pitch materials и визуальной упаковке смыслов."
69514ea1f8917788,Готово,A,communications,communications agency,AG Loyalty,,,pitch@ag-loyalty.com,Корпоративный,+7 (495) 122 22 69; +7 495 122 22 69; 27.07.2006,https://ag-loyalty.com/,,,Россия,Москва,PR / Communications,Сайт агентства,https://ag-loyalty.com/,"Релевантно для BAEV: коммуникационным командам часто нужны презентации, питчи, визуальная упаковка смыслов и материалы для клиентов.",2026-05-12,2026-05-12,100,"Коммуникационное агентство: нужны презентации для клиентов, публичных материалов и проектов."
36b65ba6bcbeea02,Проверить,A,communications,communications agency,AGT,,,,Неизвестно,2013-2025; 2013-2025 5000,https://agt.agency/,,https://t.me/agtsupreme,Россия,Москва,PR / Communications,Член АКАР,https://agt.agency/,"Релевантно для BAEV: коммуникационным командам часто нужны презентации, питчи, визуальная упаковка смыслов и материалы для клиентов.",2026-05-12,2026-05-12,55,Коммуникационное агентство: регулярная работа с публичными материалами и презентациями.
5f25328dec322f0b,Проверить,A,communications,communications agency,Arena Magic Box,,,contact@arenamb.ru,Общий,+7 495 669 23 42; 1994 - 2026,https://www.arenamb.ru/,,http://t.me/marketing_news_arena_bot; https://t.me/advgroup_official,Россия,Москва,PR / Communications,Член АКАР,https://www.arenamb.ru/,"Релевантно для BAEV: коммуникационным командам часто нужны презентации, питчи, визуальная упаковка смыслов и материалы для клиентов.",2026-05-12,2026-05-12,100,Коммуникационное агентство полного цикла: релевантно для клиентских презентаций.
323b97ecc10221a6,Готово,A,communications,communications agency,Ark Connect,,,erik.svensson@arkconnect.ru,Корпоративный,+7 (495) 781-41-14,http://www.arkconnect.ru/,,,Россия,Москва,PR / Communications,Член АКАР,http://www.arkconnect.ru/,"Релевантно для BAEV: коммуникационным командам часто нужны презентации, питчи, визуальная упаковка смыслов и материалы для клиентов.",2026-05-12,2026-05-12,100,"Интегрированные коммуникации: нужны презентации, pitch materials и визуальная структура."
1964d73e0aa8667a,Готово,A,communications,communications agency,Ark Connect,,,hi@arkconnect.ru,Корпоративный,+7 (495) 781-41-14,http://www.arkconnect.ru/,,,Россия,Москва,PR / Communications,Член АКАР,http://www.arkconnect.ru/,"Релевантно для BAEV: коммуникационным командам часто нужны презентации, питчи, визуальная упаковка смыслов и материалы для клиентов.",2026-05-12,2026-05-12,100,"Интегрированные коммуникации: нужны презентации, pitch materials и визуальная структура."
2bf73dc70cd5cdd0,Готово,A,communications,communications agency,Ark Connect,,,on@arkconnect.ru,Корпоративный,+7 (495) 781-41-14,http://www.arkconnect.ru/,,,Россия,Москва,PR / Communications,Член АКАР,http://www.arkconnect.ru/,"Релевантно для BAEV: коммуникационным командам часто нужны презентации, питчи, визуальная упаковка смыслов и материалы для клиентов.",2026-05-12,2026-05-12,100,"Интегрированные коммуникации: нужны презентации, pitch materials и визуальная структура."
0e5fb3831257eeb4,Проверить,A,communications,communications agency,BBDO Moscow,,,,Неизвестно,,https://bbdo-moscow.ru/,,,Россия,Москва,PR / Communications,Член АКАР,https://bbdo-moscow.ru/,"Релевантно для BAEV: коммуникационным командам часто нужны презентации, питчи, визуальная упаковка смыслов и материалы для клиентов.",2026-05-12,2026-05-12,35,Коммуникационные стратегии и креатив: релевантно для pitch и client materials.
f9ff64342ba5248e,Проверить,A,communications,communications agency,BC Agency,,,info@bcagency.ru,Общий,2010-2026,https://bcagency.ru/,,,Россия,Москва,Corporate Communications,Член АКАР,https://bcagency.ru/,"Релевантно для BAEV: коммуникационным командам часто нужны презентации, питчи, визуальная упаковка смыслов и материалы для клиентов.",2026-05-12,2026-05-12,95,Бренд-коммуникации: возможна потребность в презентациях для клиентов и внутренних коммуникаций.
cecc1d2786091164,Проверить,A,communications,communications agency,Be All Bright,,,info@beallbright.com,Общий,+7 (499) 430-01-86; 2019-2026,https://beallbright.com/,,https://t.me/beallbrightgroup,Россия,Москва,PR / Communications,Член АКАР,https://beallbright.com/,"Релевантно для BAEV: коммуникационным командам часто нужны презентации, питчи, визуальная упаковка смыслов и материалы для клиентов.",2026-05-12,2026-05-12,90,"Интегрированные коммуникации: релевантно для презентаций, pitch materials и визуальной упаковки."
da4b65e579b9cdb5,Проверить,A,communications,communications agency,CROS Marketing,,,info@cros.ru,Общий,,https://www.cros.ru/,,,Россия,Москва,PR / Communications,Член АКАР,https://www.cros.ru/ru/,"Релевантно для BAEV: коммуникационным командам часто нужны презентации, питчи, визуальная упаковка смыслов и материалы для клиентов.",2026-05-12,2026-05-12,80,Креативные маркетинговые коммуникации: вероятна потребность в презентационных материалах.
bcf49939698ab985,Проверить,A,communications,communications agency,DPG Russia,,,agency@dpgrussia.com,Общий,+7 (495) 181-74-45,https://dpgrussia.com/,,https://t.me/s/dpg_online,Россия,Москва,PR / Communications,Член АКАР,https://dpgrussia.com/,"Релевантно для BAEV: коммуникационным командам часто нужны презентации, питчи, визуальная упаковка смыслов и материалы для клиентов.",2026-05-12,2026-05-12,90,Креативное коммуникационное агентство: релевантно для презентаций и клиентских материалов.
bc88713ac9e77816,Готово,A,communications,communications agency,DPG Russia,,,kremer@dpgrussia.com,Корпоративный,+7 (495) 181-74-45,https://dpgrussia.com/,,https://t.me/s/dpg_online,Россия,Москва,PR / Communications,Член АКАР,https://dpgrussia.com/,"Релевантно для BAEV: коммуникационным командам часто нужны презентации, питчи, визуальная упаковка смыслов и материалы для клиентов.",2026-05-12,2026-05-12,100,Креативное коммуникационное агентство: релевантно для презентаций и клиентских материалов.
e249352ea03961c8,Готово,A,communications,communications agency,DPG Russia,,,mikheikina@dpgrussia.com,Корпоративный,+7 (495) 181-74-45,https://dpgrussia.com/,,https://t.me/s/dpg_online,Россия,Москва,PR / Communications,Член АКАР,https://dpgrussia.com/,"Релевантно для BAEV: коммуникационным командам часто нужны презентации, питчи, визуальная упаковка смыслов и материалы для клиентов.",2026-05-12,2026-05-12,100,Креативное коммуникационное агентство: релевантно для презентаций и клиентских материалов.
d0ab23c2b03f0a32,Готово,A,communications,communications agency,DPG Russia,,,miller@dpgrussia.com,Корпоративный,+7 (495) 181-74-45,https://dpgrussia.com/,,https://t.me/s/dpg_online,Россия,Москва,PR / Communications,Член АКАР,https://dpgrussia.com/,"Релевантно для BAEV: коммуникационным командам часто нужны презентации, питчи, визуальная упаковка смыслов и материалы для клиентов.",2026-05-12,2026-05-12,100,Креативное коммуникационное агентство: релевантно для презентаций и клиентских материалов.
a2f11ec78cf74d5d,Готово,A,communications,communications agency,DPG Russia,,,saviniukhova@dpgrussia.com,Корпоративный,+7 (495) 181-74-45,https://dpgrussia.com/,,https://t.me/s/dpg_online,Россия,Москва,PR / Communications,Член АКАР,https://dpgrussia.com/,"Релевантно для BAEV: коммуникационным командам часто нужны презентации, питчи, визуальная упаковка смыслов и материалы для клиентов.",2026-05-12,2026-05-12,100,Креативное коммуникационное агентство: релевантно для презентаций и клиентских материалов.
f9de2c94dc45a044,Готово,A,communications,communications agency,DPG Russia,,,shvedova@dpgrussia.com,Корпоративный,+7 (495) 181-74-45,https://dpgrussia.com/,,https://t.me/s/dpg_online,Россия,Москва,PR / Communications,Член АКАР,https://dpgrussia.com/,"Релевантно для BAEV: коммуникационным командам часто нужны презентации, питчи, визуальная упаковка смыслов и материалы для клиентов.",2026-05-12,2026-05-12,100,Креативное коммуникационное агентство: релевантно для презентаций и клиентских материалов.
4a47112acfacdbb6,Готово,A,communications,communications agency,Friends Moscow,,,brief@friends.moscow,Корпоративный,2016-2019; +7 999 813-38-05,https://friends.moscow/,,https://t.me/friiendsdigital,Россия,Москва,PR / Communications,Член АКАР,https://friends.moscow/,"Релевантно для BAEV: коммуникационным командам часто нужны презентации, питчи, визуальная упаковка смыслов и материалы для клиентов.",2026-05-12,2026-05-12,100,Коммуникационное и брендинговое агентство: вероятна потребность в презентациях и упаковке смыслов.
0495646b2aaac567,Проверить,A,communications,communications agency,Friends Moscow,,,hello@friends.moscow,Общий,2016-2019; +7 999 813-38-05,https://friends.moscow/,,https://t.me/friiendsdigital,Россия,Москва,PR / Communications,Член АКАР,https://friends.moscow/,"Релевантно для BAEV: коммуникационным командам часто нужны презентации, питчи, визуальная упаковка смыслов и материалы для клиентов.",2026-05-12,2026-05-12,90,Коммуникационное и брендинговое агентство: вероятна потребность в презентациях и упаковке смыслов.
9444e0dbe93a2161,Готово,A,communications,communications agency,Friends Moscow,,,work@friends.moscow,Корпоративный,2016-2019; +7 999 813-38-05,https://friends.moscow/,,https://t.me/friiendsdigital,Россия,Москва,PR / Communications,Член АКАР,https://friends.moscow/,"Релевантно для BAEV: коммуникационным командам часто нужны презентации, питчи, визуальная упаковка смыслов и материалы для клиентов.",2026-05-12,2026-05-12,100,Коммуникационное и брендинговое агентство: вероятна потребность в презентациях и упаковке смыслов.
ff0c6dafe1f9fdd5,Проверить,A,communications,communications agency,IMARS,,,,Неизвестно,23.03.2026; 30.10.2025; 19.08.2025,https://аймарс.рф/,,,Россия,Москва,Corporate Communications,Член АКАР,https://xn--80aa0amvg.xn--p1ai/,"Релевантно для BAEV: коммуникационным командам часто нужны презентации, питчи, визуальная упаковка смыслов и материалы для клиентов.",2026-05-12,2026-05-12,50,Маркетинговые и корпоративные коммуникации: релевантно для презентаций и публичных материалов.
02fda68dc0e24f8c,Готово,A,communications,communications agency,Kitchen Consulting,,,we.are@kitchen.consulting,Корпоративный,+7 903 297 75 11,https://www.kitchen.consulting/,,https://t.me/kitchentalks,Россия,Москва,PR / Communications,Член АКАР,https://www.kitchen.consulting/,"Релевантно для BAEV: коммуникационным командам часто нужны презентации, питчи, визуальная упаковка смыслов и материалы для клиентов.",2026-05-12,2026-05-12,100,"Креативные концепции, PR и ивенты: вероятна потребность в pitch materials."
156c589be19fc140,Проверить,A,communications,communications agency,LBL,,,,Неизвестно,,https://lbl.ru/,,,Россия,Москва,PR / Communications,Член АКАР,https://lbl.ru/,"Релевантно для BAEV: коммуникационным командам часто нужны презентации, питчи, визуальная упаковка смыслов и материалы для клиентов.",2026-05-12,2026-05-12,45,Независимая коммуникационная группа: релевантно для презентаций и визуальной упаковки идей.
c3d9401c9992bfbb,Проверить,A,communications,communications agency,Step Media,,,hello@stepmedia.pro,Общий,+7 (499) 394-52-35; 2015-2023; 7721333922,https://stepmedia.pro/,,,Россия,Москва,PR / Communications,Сайт агентства,https://stepmedia.pro/,"Релевантно для BAEV: коммуникационным командам часто нужны презентации, питчи, визуальная упаковка смыслов и материалы для клиентов.",2026-05-12,2026-05-12,95,PR/Digital communications: вероятна потребность в презентациях и визуальной упаковке смыслов.
576b449f18a6f825,Проверить,A,communications,communications agency,The Market Group,,,info@themarketgroup.ru,Общий,+7 (495) 137-70-25; +7 (727) 345-01-95; +905 (411) 875-927,https://themarketgroup.ru/,,,Россия,Москва,PR / Communications,Член АКАР,https://themarketgroup.ru/,"Релевантно для BAEV: коммуникационным командам часто нужны презентации, питчи, визуальная упаковка смыслов и материалы для клиентов.",2026-05-12,2026-05-12,95,Коммуникационное агентство B2B/SMM/PR/Digital/MICE: релевантно для BAEV.
666746a12346bb96,Готово,A,event,event agency,BeBrand,,,hr@bebrand.ru,Корпоративный,+7 904 546 43 84; +7 922 784 95 63,https://bebrand.ru/,,https://t.me/bebrandpeople,Россия,Москва,Event,Член АКАР,https://bebrand.ru/,"Может быть партнёром или клиентом BAEV: агентству регулярно нужны презентации для тендеров, питчей, клиентов и мероприятий.",2026-05-12,2026-05-12,100,"Крупное коммуникационное/event-агентство: нужны презентации для клиентов, тендеров и мероприятий."
4c6609ae96b59b22,Проверить,A,event,event agency,BeBrand,,,info@bebrand.ru,Общий,+7 904 546 43 84; +7 922 784 95 63,https://bebrand.ru/,,https://t.me/bebrandpeople,Россия,Москва,Event,Член АКАР,https://bebrand.ru/,"Может быть партнёром или клиентом BAEV: агентству регулярно нужны презентации для тендеров, питчей, клиентов и мероприятий.",2026-05-12,2026-05-12,100,"Крупное коммуникационное/event-агентство: нужны презентации для клиентов, тендеров и мероприятий."
0447bd9b7f104649,Проверить,A,event,event agency,Dimirano,,,event@dimirano.ru,Общий,+7 383 299-05-93; 150 000 15,https://dimirano.ru/,,,Россия,Москва,Event,Член АКАР,https://dimirano.ru/,"Может быть партнёром или клиентом BAEV: агентству регулярно нужны презентации для тендеров, питчей, клиентов и мероприятий.",2026-05-12,2026-05-12,95,"Event-агентство: потенциально нужны презентации для тендеров, клиентов и мероприятий."
4f3b99f276f40bad,Проверить,A,event,event agency,Elkruff,,,hello@elkruff.com,Общий,+7 495 792 02 88,https://elkruff.ru/,,,Россия,Москва,Event,Член АКАР,https://elkruff.ru/,"Может быть партнёром или клиентом BAEV: агентству регулярно нужны презентации для тендеров, питчей, клиентов и мероприятий.",2026-05-12,2026-05-12,85,Организация мероприятий: потенциально нужны презентации для клиентов и концепций событий.
7b3234ac0dfdba7a,Проверить,A,event,event agency,Main Target,,,,Неизвестно,,https://main-target.ru/,,,Россия,Москва,Event,Член АКАР,https://main-target.ru/,"Может быть партнёром или клиентом BAEV: агентству регулярно нужны презентации для тендеров, питчей, клиентов и мероприятий.",2026-05-12,2026-05-12,35,"Кампании 360, мероприятия, PR и digital: нужны презентации для клиентов и тендеров."
ad2164afe6e3f560,Проверить,A,event,event agency,Marvelous,,,,Неизвестно,,https://www.marvelous.ru,,https://t.me/marvelous_agency_bot,Россия,Москва,Event,Член АКАР,https://www.marvelous.ru/,"Может быть партнёром или клиентом BAEV: агентству регулярно нужны презентации для тендеров, питчей, клиентов и мероприятий.",2026-05-12,2026-05-12,40,Интегрированные event & digital проекты: потенциально нужны презентации и клиентские материалы.
a750b9d05ac21e22,Готово,A,event,event agency,TT Events,,,mail@ttevents.ru,Корпоративный,+7 (916) 906-44-90; +7 (916) 408-60-90,https://ttevents.ru/,,https://t.me/+79169064490; https://t.me/+79164086090,Россия,Москва,Event,Сайт агентства,https://ttevents.ru/,"Может быть партнёром или клиентом BAEV: агентству регулярно нужны презентации для тендеров, питчей, клиентов и мероприятий.",2026-05-12,2026-05-12,100,"Event-агентство: потенциально нужны презентации для тендеров, клиентов и мероприятий."
7fb827fcacdaade9,Проверить,A,pr,PR agency,ACP Pro,,,info@acppro.ru,Общий,+7 (499) 963-81-88,https://acppro.ru/,,,Россия,Москва,PR / Communications,Член АКАР,https://acppro.ru/,"Релевантно для BAEV: коммуникационным командам часто нужны презентации, питчи, визуальная упаковка смыслов и материалы для клиентов.",2026-05-12,2026-05-12,85,"Коммуникационное агентство полного цикла: нужны презентации, коммерческие материалы и PR-пакеты."
a9c361f94bf76315,Проверить,A,pr,PR agency,All Stars Media,,,,Неизвестно,+7 (926) 500-02-31; 2021-2022; 2018 - 2026,https://allstarmedia.ru/,,,Россия,Москва,PR / Communications,Член АКАР,https://allstarmedia.ru/,"Релевантно для BAEV: коммуникационным командам часто нужны презентации, питчи, визуальная упаковка смыслов и материалы для клиентов.",2026-05-12,2026-05-12,40,PR/SMM/Digital: вероятна потребность в презентациях и упаковке коммуникационных идей.
7cd819422660e751,Проверить,A,pr,PR agency,Persona Grata,,,info@prpersonagrata.com,Общий,+7-929-908-10-58,https://prpersonagrata.com/,,,Россия,Москва,PR / Communications,Сайт агентства,https://prpersonagrata.com/kontakty/,"Релевантно для BAEV: коммуникационным командам часто нужны презентации, питчи, визуальная упаковка смыслов и материалы для клиентов.",2026-05-12,2026-05-12,85,"PR-агентство: релевантно для pitch materials, презентаций и визуальной упаковки коммуникаций."
a31d65de044dbb2b,Готово,B,branding,branding agency,0tlichnosti,,,ilove@otlichnosti.ru,Корпоративный,+7 (917) 552-67-32; +7 (977) 6767131 109004,http://otlichnosti.ru,,https://t.me/brandinginrussia,Россия,,Branding,Профиль участника АБКР,https://russianbranding.ru/members/0tlichnosti/,"Потенциально релевантно для BAEV: команде могут быть нужны презентации, коммерческие материалы и визуальная коммуникация для бизнеса.",2026-05-12,2026-05-12,100,"Брендинговое агентство: потенциально нужны презентации для клиентов, pitch materials и визуальная упаковка смыслов."
51357a92a204da35,Готово,B,branding,branding agency,2SHARP,,,what@2sharp.ru,Корпоративный,+7 (903) 786-19-12; +7 (977) 6767131 109004,http://2sharp.ru,,https://t.me/brandinginrussia,Россия,,Branding,Профиль участника АБКР,https://russianbranding.ru/members/2sharp/,"Потенциально релевантно для BAEV: команде могут быть нужны презентации, коммерческие материалы и визуальная коммуникация для бизнеса.",2026-05-12,2026-05-12,100,"Брендинговое агентство: потенциально нужны презентации для клиентов, pitch materials и визуальная упаковка смыслов."
bfa2adb567f194bf,Проверить,B,branding,branding agency,A.STUDIO,,,info@advertastudio.ru,Общий,+7 (383) 207-55-18 630009; +7 (977) 6767131 109004,http://www.advertastudio.ru,,https://t.me/brandinginrussia,Россия,,Branding,Профиль участника АБКР,https://russianbranding.ru/members/astudio/,"Потенциально релевантно для BAEV: команде могут быть нужны презентации, коммерческие материалы и визуальная коммуникация для бизнеса.",2026-05-12,2026-05-12,90,"Брендинговое агентство: потенциально нужны презентации для клиентов, pitch materials и визуальная упаковка смыслов."
58281abf71fe5244,Готово,B,branding,branding agency,Adequate people,,,liana@adekvate.com,Корпоративный,+7 (812) 401-65-56; +7 (977) 6767131 109004,http://www.adekvate.com,,https://t.me/brandinginrussia,Россия,,Branding,Профиль участника АБКР,https://russianbranding.ru/members/adequatepeople/,"Потенциально релевантно для BAEV: команде могут быть нужны презентации, коммерческие материалы и визуальная коммуникация для бизнеса.",2026-05-12,2026-05-12,100,"Брендинговое агентство: потенциально нужны презентации для клиентов, pitch materials и визуальная упаковка смыслов."
fbe9da5086cdec38,Готово,B,branding,branding agency,Adworm,,,helpme@adworm.ru,Корпоративный,2025 2024; 2023 2023; 2024 2023,https://adworm.ru/,,https://t.me/AdWorm_Agency; https://t.me/AWbrand_laboratory,Россия,Москва,Branding,Член АКАР,https://adworm.ru/,"Потенциально релевантно для BAEV: команде могут быть нужны презентации, коммерческие материалы и визуальная коммуникация для бизнеса.",2026-05-12,2026-05-12,100,Брендинг и коммуникации: релевантно для презентаций и упаковки смыслов.
ef832feae1481ccb,Готово,B,branding,branding agency,Art Area - брендинговое агентство,,,akrasnienko@artarea.studio,Корпоративный,+7 (967) 555-68-33; +7 (977) 6767131 109004,http://artarea.studio/,,https://t.me/brandinginrussia,Россия,,Branding,Профиль участника АБКР,https://russianbranding.ru/members/artareabrendingovoeagentstvo/,"Потенциально релевантно для BAEV: команде могут быть нужны презентации, коммерческие материалы и визуальная коммуникация для бизнеса.",2026-05-12,2026-05-12,100,"Брендинговое агентство: потенциально нужны презентации для клиентов, pitch materials и визуальная упаковка смыслов."
1146e82f3b1b3552,Готово,B,branding,branding agency,Art Groove,,,artdirector@artgroove.ru,Корпоративный,+7 (812) 718-21-18 197198; +7 (977) 6767131 109004,http://www.artgroove.ru,,https://t.me/brandinginrussia,Россия,,Branding,Профиль участника АБКР,https://russianbranding.ru/members/artgroove/,"Потенциально релевантно для BAEV: команде могут быть нужны презентации, коммерческие материалы и визуальная коммуникация для бизнеса.",2026-05-12,2026-05-12,100,"Брендинговое агентство: потенциально нужны презентации для клиентов, pitch materials и визуальная упаковка смыслов."
2fe4480eb50b1567,Готово,B,branding,branding agency,Art. Lebedev Studio,,,mailbox@artlebedev.ru,Корпоративный,+7 (495) 926-18-00; +7 (977) 6767131 109004,http://www.artlebedev.ru,,https://t.me/brandinginrussia,Россия,,Branding,Профиль участника АБКР,https://russianbranding.ru/members/artlebedevstudio/,"Потенциально релевантно для BAEV: команде могут быть нужны презентации, коммерческие материалы и визуальная коммуникация для бизнеса.",2026-05-12,2026-05-12,100,"Брендинговое агентство: потенциально нужны презентации для клиентов, pitch materials и визуальная упаковка смыслов."
1f22a4308c37fd41,Проверить,B,branding,branding agency,Avrora,,,info@avrora.ru,Общий,8 (495) 234-08-00; 76 8 (495) 234-08-00,https://avrora.ru/,,,Россия,Москва,Branding,Член АКАР,https://avrora.ru/,"Потенциально релевантно для BAEV: команде могут быть нужны презентации, коммерческие материалы и визуальная коммуникация для бизнеса.",2026-05-12,2026-05-12,85,"Маркетинг, брендинг и креатив: релевантно для упаковки смыслов и презентаций."
0f9d72f4e6dcec94,Готово,B,branding,branding agency,B5 Branding,,,five@befive.ru,Корпоративный,+7 (927) 216-67-99; +7 (977) 6767131 109004,http://befive.ru/work,,https://t.me/brandinginrussia,Россия,,Branding,Профиль участника АБКР,https://russianbranding.ru/members/b5branding/,"Потенциально релевантно для BAEV: команде могут быть нужны презентации, коммерческие материалы и визуальная коммуникация для бизнеса.",2026-05-12,2026-05-12,100,"Брендинговое агентство: потенциально нужны презентации для клиентов, pitch materials и визуальная упаковка смыслов."
de7aea842853f34b,Проверить,B,branding,branding agency,BRAINS&BRANDS,,,info@brains-brands.com,Общий,+7 (930) 970-98-33 125009; +7 (977) 6767131 109004,http://www.brains-brands.com,,https://t.me/brandinginrussia,Россия,,Branding,Профиль участника АБКР,https://russianbranding.ru/members/brainsbrands/,"Потенциально релевантно для BAEV: команде могут быть нужны презентации, коммерческие материалы и визуальная коммуникация для бизнеса.",2026-05-12,2026-05-12,90,"Брендинговое агентство: потенциально нужны презентации для клиентов, pitch materials и визуальная упаковка смыслов."
4ee4892225b1663e,Готово,B,branding,branding agency,Brand Brothers,,,welcome@brandbrothers.ru,Корпоративный,+7 (495) 648,https://www.brandbrothers.ru/,,https://t.me/ask_magidson,Россия,Москва,Branding,Профиль участника АБКР; Сайт агентства,https://russianbranding.ru/members/brandbrothers/; https://www.brandbrothers.ru/,"Потенциально релевантно для BAEV: команде могут быть нужны презентации, коммерческие материалы и визуальная коммуникация для бизнеса.",2026-05-12,2026-05-12,100,"Брендинговое агентство: потенциально нужны презентации для клиентов, pitch materials и визуальная упаковка смыслов.; Брендинг и стратегия: релевантно для презентаций и упаковки сложных смыслов."
4521745d4e0738ca,Готово,B,branding,branding agency,Brand Hub,,,we@brand-hub.ru,Корпоративный,+7 (495) 106-06-14; +7 (977) 6767131 109004,http://brand-hub.ru,,https://t.me/brandinginrussia,Россия,,Branding,Профиль участника АБКР,https://russianbranding.ru/members/brandhub/,"Потенциально релевантно для BAEV: команде могут быть нужны презентации, коммерческие материалы и визуальная коммуникация для бизнеса.",2026-05-12,2026-05-12,100,"Брендинговое агентство: потенциально нужны презентации для клиентов, pitch materials и визуальная упаковка смыслов."
122cefd6619e1266,Проверить,B,branding,branding agency,Brandson Branding Agency (TSN),,,info@brandson-total.com,Общий,+7 (812) 688-80-75; +7 (977) 6767131 109004,http://www.brandson-total.com,,https://t.me/brandinginrussia,Россия,,Branding,Профиль участника АБКР,https://russianbranding.ru/members/brandsonbrandingagencytsn/,"Потенциально релевантно для BAEV: команде могут быть нужны презентации, коммерческие материалы и визуальная коммуникация для бизнеса.",2026-05-12,2026-05-12,100,"Брендинговое агентство: потенциально нужны презентации для клиентов, pitch materials и визуальная упаковка смыслов."
6045c11343d4c261,Проверить,B,branding,branding agency,Brandy.studio,,,info@brandy.studio,Общий,+7 (931) 988-81-78; +7 (977) 6767131 109004,http://brandy.studio/,,https://t.me/brandinginrussia,Россия,,Branding,Профиль участника АБКР,https://russianbranding.ru/members/brandystudio/,"Потенциально релевантно для BAEV: команде могут быть нужны презентации, коммерческие материалы и визуальная коммуникация для бизнеса.",2026-05-12,2026-05-12,90,"Брендинговое агентство: потенциально нужны презентации для клиентов, pitch materials и визуальная упаковка смыслов."
74c430c7f03e8bed,Готово,B,branding,branding agency,Bright Brand,,,brand@2-br.ru,Корпоративный,+7 (861) 243-20-33; +7 (977) 6767131 109004,http://2br.agency/,,https://t.me/brandinginrussia,Россия,,Branding,Профиль участника АБКР,https://russianbranding.ru/members/brightbrand/,"Потенциально релевантно для BAEV: команде могут быть нужны презентации, коммерческие материалы и визуальная коммуникация для бизнеса.",2026-05-12,2026-05-12,100,"Брендинговое агентство: потенциально нужны презентации для клиентов, pitch materials и визуальная упаковка смыслов."
d08cc56b1be26136,Новый,B,branding,branding agency,Bright Brand,,,ianbranding.ru,Неизвестно,+7 (861) 243-20-33; +7 (977) 6767131 109004,http://2br.agency/,,https://t.me/brandinginrussia,Россия,,Branding,Профиль участника АБКР,https://russianbranding.ru/members/brightbrand/; https://russianbranding.ru/members/decidebrandingagency/; https://russianbranding.ru/members/endesign/; https://russianbranding.ru/members/endy/; https://russianbranding.ru/members/getbrand/; https://russianbranding.ru/members/otvetdesign/; https://russianbranding.ru/members/zurashvilibranding/; https://russianbranding.ru/members/agentstvoprodayushchegokreativasichkargroup/; https://russianbranding.ru/members/asgard/; https://russianbranding.ru/members/brendmissiya/; https://russianbranding.ru/members/laytshop/,"Потенциально релевантно для BAEV: команде могут быть нужны презентации, коммерческие материалы и визуальная коммуникация для бизнеса.",2026-05-12,2026-05-12,45,"Брендинговое агентство: потенциально нужны презентации для клиентов, pitch materials и визуальная упаковка смыслов.; Email требует ручной проверки"
cd1aeb07e5ef6a49,Проверить,B,branding,branding agency,Bright Brand,,,ianbranding@mail.ru,Личный,+7 (861) 243-20-33; +7 (977) 6767131 109004,http://2br.agency/,,https://t.me/brandinginrussia,Россия,,Branding,Профиль участника АБКР,https://russianbranding.ru/members/brightbrand/; https://russianbranding.ru/members/decidebrandingagency/; https://russianbranding.ru/members/endesign/; https://russianbranding.ru/members/endy/; https://russianbranding.ru/members/getbrand/; https://russianbranding.ru/members/otvetdesign/; https://russianbranding.ru/members/zurashvilibranding/; https://russianbranding.ru/members/agentstvoprodayushchegokreativasichkargroup/; https://russianbranding.ru/members/asgard/; https://russianbranding.ru/members/brendmissiya/; https://russianbranding.ru/members/laytshop/,"Потенциально релевантно для BAEV: команде могут быть нужны презентации, коммерческие материалы и визуальная коммуникация для бизнеса.",2026-05-12,2026-05-12,60,"Брендинговое агентство: потенциально нужны презентации для клиентов, pitch materials и визуальная упаковка смыслов."
7bc335c93c3d2924,Новый,B,branding,branding agency,Bright Brand,,,ru,Неизвестно,+7 (861) 243-20-33; +7 (977) 6767131 109004,http://2br.agency/,,https://t.me/brandinginrussia,Россия,,Branding,Профиль участника АБКР,https://russianbranding.ru/members/brightbrand/; https://russianbranding.ru/members/decidebrandingagency/; https://russianbranding.ru/members/endesign/; https://russianbranding.ru/members/endy/; https://russianbranding.ru/members/getbrand/; https://russianbranding.ru/members/otvetdesign/; https://russianbranding.ru/members/zurashvilibranding/; https://russianbranding.ru/members/agentstvoprodayushchegokreativasichkargroup/; https://russianbranding.ru/members/asgard/; https://russianbranding.ru/members/brendmissiya/; https://russianbranding.ru/members/laytshop/,"Потенциально релевантно для BAEV: команде могут быть нужны презентации, коммерческие материалы и визуальная коммуникация для бизнеса.",2026-05-12,2026-05-12,45,"Брендинговое агентство: потенциально нужны презентации для клиентов, pitch materials и визуальная упаковка смыслов.; Email требует ручной проверки"
0d789b932485c976,Готово,B,branding,branding agency,Buro Fraai,,,gsm@burofraai.com,Корпоративный,+7 495 155-69-45; +7 (495) 155-69-45,https://burofraai.com/,,,Россия,Москва,Branding,Сайт агентства,https://burofraai.com/,"Потенциально релевантно для BAEV: команде могут быть нужны презентации, коммерческие материалы и визуальная коммуникация для бизнеса.",2026-05-12,2026-05-12,100,Брендинговое агентство: потенциально нужны презентации для клиентов и продаж.
904618dcbbde4de5,Готово,B,branding,branding agency,Buro Fraai,,,m@burofraai.com,Корпоративный,+7 495 155-69-45; +7 (495) 155-69-45,https://burofraai.com/,,,Россия,Москва,Branding,Сайт агентства,https://burofraai.com/,"Потенциально релевантно для BAEV: команде могут быть нужны презентации, коммерческие материалы и визуальная коммуникация для бизнеса.",2026-05-12,2026-05-12,100,Брендинговое агентство: потенциально нужны презентации для клиентов и продаж.
972398d795e2e13b,Проверить,B,branding,branding agency,Commersart,,,hello@commersart.ru,Общий,+7 (495) 968-02-88; +7 (977) 6767131 109004,http://commersart.ru/,,https://t.me/brandinginrussia,Россия,,Branding,Профиль участника АБКР,https://russianbranding.ru/members/commersart/,"Потенциально релевантно для BAEV: команде могут быть нужны презентации, коммерческие материалы и визуальная коммуникация для бизнеса.",2026-05-12,2026-05-12,90,"Брендинговое агентство: потенциально нужны презентации для клиентов, pitch materials и визуальная упаковка смыслов."
42d3b1981d1bc209,Проверить,B,branding,branding agency,Compass Brand,,,info@compassbrand.ru,Общий,8 800 444-04-69; 26.03.2026; 28.01.2026,https://compassbrand.ru/,,https://t.me/COMPASStalk,Россия,Казань,Branding,Профиль участника АБКР; Член АКАР,https://russianbranding.ru/members/compass/; https://compassbrand.ru/,"Потенциально релевантно для BAEV: команде могут быть нужны презентации, коммерческие материалы и визуальная коммуникация для бизнеса.",2026-05-12,2026-05-12,100,"Брендинговое агентство: потенциально нужны презентации для клиентов, pitch materials и визуальная упаковка смыслов.; Корпоративный и HR-брендинг: релевантно для презентаций и упаковки смыслов."
9e3c26962eecf916,Проверить,B,branding,branding agency,Coruna Branding,,,office@coruna.ru,Общий,+7 (812) 318-33-65 191167; +7 (977) 6767131 109004,http://www.coruna.ru,,https://t.me/brandinginrussia,Россия,,Branding,Профиль участника АБКР,https://russianbranding.ru/members/corunabranding/,"Потенциально релевантно для BAEV: команде могут быть нужны презентации, коммерческие материалы и визуальная коммуникация для бизнеса.",2026-05-12,2026-05-12,90,"Брендинговое агентство: потенциально нужны презентации для клиентов, pitch materials и визуальная упаковка смыслов."
b62977c58c70edb4,Готово,B,branding,branding agency,Creative Mind Bureau,,,web@c-mind.com,Корпоративный,+7 (812) 407-20-82; +7 (977) 6767131 109004,http://c-mind.com/,,https://t.me/brandinginrussia,Россия,,Branding,Профиль участника АБКР,https://russianbranding.ru/members/creativemindbureau/,"Потенциально релевантно для BAEV: команде могут быть нужны презентации, коммерческие материалы и визуальная коммуникация для бизнеса.",2026-05-12,2026-05-12,100,"Брендинговое агентство: потенциально нужны презентации для клиентов, pitch materials и визуальная упаковка смыслов."
73b6b7be8c2ca5cf,Проверить,B,branding,branding agency,DDC.Group,,,hello@ddc.group,Общий,+7 (812) 407-27-97 191167; +7 (977) 6767131 109004,http://ddc.group,,https://t.me/brandinginrussia,Россия,,Branding,Профиль участника АБКР,https://russianbranding.ru/members/ddcgroup/,"Потенциально релевантно для BAEV: команде могут быть нужны презентации, коммерческие материалы и визуальная коммуникация для бизнеса.",2026-05-12,2026-05-12,100,"Брендинговое агентство: потенциально нужны презентации для клиентов, pitch materials и визуальная упаковка смыслов."
15194cfb969c087f,Проверить,B,branding,branding agency,DDVB,,,info@ddvb.ru,Общий,+7 (495) 916-01-23,https://www.ddvb.ru/,,https://t.me/ddvbagency,Россия,Москва,Branding,Профиль участника АБКР; Сайт агентства,https://russianbranding.ru/members/ddvb/; https://www.ddvb.ru/contacts/,"Потенциально релевантно для BAEV: команде могут быть нужны презентации, коммерческие материалы и визуальная коммуникация для бизнеса.",2026-05-12,2026-05-12,100,"Брендинговое агентство: потенциально нужны презентации для клиентов, pitch materials и визуальная упаковка смыслов.; Брендинговое агентство: нужны презентации для клиентов, стратегий и визуальной упаковки."
07560069da14f94b,Проверить,B,branding,branding agency,Decide Branding Agency,,,decide.brandup.agency@yandex.ru,Личный,+7 (983) 311-17-00; +7 (977) 6767131 109004,http://decide-brandup.com,,https://t.me/brandinginrussia,Россия,,Branding,Профиль участника АБКР,https://russianbranding.ru/members/decidebrandingagency/,"Потенциально релевантно для BAEV: команде могут быть нужны презентации, коммерческие материалы и визуальная коммуникация для бизнеса.",2026-05-12,2026-05-12,70,"Брендинговое агентство: потенциально нужны презентации для клиентов, pitch materials и визуальная упаковка смыслов."
4af2cbe61f127801,Проверить,B,branding,branding agency,Depot,,,hello@depotwpf.ru,Общий,+7 (495) 363-22-88 10; 1998-2026,https://www.depotwpf.ru/,,https://t.me/depot_chat_bot; https://t.me/depot_branding,Россия,Москва,Branding,Профиль участника АБКР; Член АКАР,https://russianbranding.ru/members/depot/; https://www.depotwpf.ru/,"Потенциально релевантно для BAEV: команде могут быть нужны презентации, коммерческие материалы и визуальная коммуникация для бизнеса.",2026-05-12,2026-05-12,100,"Брендинговое агентство: потенциально нужны презентации для клиентов, pitch materials и визуальная упаковка смыслов.; Брендинговое агентство: потенциально нужны презентации для клиентов и бренд-стратегий."
6ce7613c1f8b378d,Проверить,B,branding,branding agency,Dotorg branding&strategy,,,info@dotorg.ru,Общий,+7 (499) 340-70-32; +7 (977) 6767131 109004,http://www.dotorg.ru,,https://t.me/brandinginrussia,Россия,,Branding,Профиль участника АБКР,https://russianbranding.ru/members/dotorgbrandingstrategy/,"Потенциально релевантно для BAEV: команде могут быть нужны презентации, коммерческие материалы и визуальная коммуникация для бизнеса.",2026-05-12,2026-05-12,100,"Брендинговое агентство: потенциально нужны презентации для клиентов, pitch materials и визуальная упаковка смыслов."
da506150caca05d8,Проверить,B,branding,branding agency,Dutch Design House,,,hello@ddh.ru,Общий,+7 (499) 995-15-32; +7 (977) 6767131 109004,http://ddh.ru,,https://t.me/brandinginrussia,Россия,,Branding,Профиль участника АБКР,https://russianbranding.ru/members/dutchdesignhouse/,"Потенциально релевантно для BAEV: команде могут быть нужны презентации, коммерческие материалы и визуальная коммуникация для бизнеса.",2026-05-12,2026-05-12,90,"Брендинговое агентство: потенциально нужны презентации для клиентов, pitch materials и визуальная упаковка смыслов."
49333a201541ce17,Проверить,B,branding,branding agency,ENDY,,,hello@endy.pro,Общий,+7 (800) 707-91-05 190020; +7 (977) 6767131 109004,http://endylab.ru/,,https://t.me/brandinginrussia,Россия,,Branding,Профиль участника АБКР,https://russianbranding.ru/members/endy/,"Потенциально релевантно для BAEV: команде могут быть нужны презентации, коммерческие материалы и визуальная коммуникация для бизнеса.",2026-05-12,2026-05-12,100,"Брендинговое агентство: потенциально нужны презентации для клиентов, pitch materials и визуальная упаковка смыслов."
1e334754042bc833,Готово,B,branding,branding agency,Getbrand,,,abkr@getbrand.org,Корпоративный,+7 (495) 414-47-63 105064; +7 (977) 6767131 109004,http://www.getbrand.ru,,https://t.me/brandinginrussia,Россия,,Branding,Профиль участника АБКР,https://russianbranding.ru/members/getbrand/,"Потенциально релевантно для BAEV: команде могут быть нужны презентации, коммерческие материалы и визуальная коммуникация для бизнеса.",2026-05-12,2026-05-12,100,"Брендинговое агентство: потенциально нужны презентации для клиентов, pitch materials и визуальная упаковка смыслов."
7e9071e338094614,Готово,B,branding,branding agency,Heads,,,head@wellhead.ru,Корпоративный,+7 (495) 107-90-98; +7 (495) 107 9098,https://wellhead.ru/,,https://t.me/heads_branding,Россия,Москва,Branding,Сайт агентства,https://wellhead.ru/contacts/,"Потенциально релевантно для BAEV: команде могут быть нужны презентации, коммерческие материалы и визуальная коммуникация для бизнеса.",2026-05-12,2026-05-12,100,Брендинговое агентство B2B: нужны коммерческие презентации и визуальная упаковка смыслов.
6f212edd42097340,Проверить,B,branding,branding agency,ICU,,,hello@icu.agency,Общий,+7 (812) 909-99-30; +7 (977) 6767131 109004,http://icu.agency/?utm_source=abkr,,https://t.me/brandinginrussia,Россия,,Branding,Профиль участника АБКР,https://russianbranding.ru/members/icu/,"Потенциально релевантно для BAEV: команде могут быть нужны презентации, коммерческие материалы и визуальная коммуникация для бизнеса.",2026-05-12,2026-05-12,100,"Брендинговое агентство: потенциально нужны презентации для клиентов, pitch materials и визуальная упаковка смыслов."
1a7014aab83df966,Проверить,B,branding,branding agency,Kingbee Agency,,,pr@kingbee.agency,Общий,+7 (495) 142-34-57; +7 (977) 6767131 109004,http://kingbee.agency,,https://t.me/brandinginrussia,Россия,,Branding,Профиль участника АБКР,https://russianbranding.ru/members/kingbeeagency/,"Потенциально релевантно для BAEV: команде могут быть нужны презентации, коммерческие материалы и визуальная коммуникация для бизнеса.",2026-05-12,2026-05-12,100,"Брендинговое агентство: потенциально нужны презентации для клиентов, pitch materials и визуальная упаковка смыслов."
6a8071c3f86f7de7,Проверить,B,branding,branding agency,LABELMEN,,,info@label-men.com,Общий,+7 (812) 748-29-17; +7 (977) 6767131 109004,http://www.label-men.com,,https://t.me/brandinginrussia,Россия,,Branding,Профиль участника АБКР,https://russianbranding.ru/members/labelmen/,"Потенциально релевантно для BAEV: команде могут быть нужны презентации, коммерческие материалы и визуальная коммуникация для бизнеса.",2026-05-12,2026-05-12,100,"Брендинговое агентство: потенциально нужны презентации для клиентов, pitch materials и визуальная упаковка смыслов."
2b86e7b15f92d2bf,Проверить,B,branding,branding agency,LINII,,,info@linii.ru,Общий,+7 495 223-23-68,https://linii.ru/,https://www.linkedin.com/company/linii-group/mycompany/,https://t.me/liniigroup; https://t.me/nb_linii,Россия,Москва,Branding,Сайт агентства,https://linii.ru/contact/,"Потенциально релевантно для BAEV: команде могут быть нужны презентации, коммерческие материалы и визуальная коммуникация для бизнеса.",2026-05-12,2026-05-12,100,Брендинговое агентство: релевантно для презентаций и визуальной коммуникации.
9bd1c56d05cfed43,Проверить,B,branding,branding agency,LINII,,,team@linii.ru,Общий,+7 495 223-23-68,https://linii.ru/,https://www.linkedin.com/company/linii-group/mycompany/,https://t.me/liniigroup; https://t.me/nb_linii,Россия,Москва,Branding,Сайт агентства,https://linii.ru/contact/,"Потенциально релевантно для BAEV: команде могут быть нужны презентации, коммерческие материалы и визуальная коммуникация для бизнеса.",2026-05-12,2026-05-12,100,Брендинговое агентство: релевантно для презентаций и визуальной коммуникации.
70b3dc5aa1c6def9,Проверить,B,branding,branding agency,MAPT. Брендинговое агентство,,,hello@mart.agency,Общий,+7 (495) 229-30-56; +7 (977) 6767131 109004,http://www.mart.agency,,https://t.me/brandinginrussia,Россия,,Branding,Профиль участника АБКР,https://russianbranding.ru/members/maptbrendingovoeagentstvo/,"Потенциально релевантно для BAEV: команде могут быть нужны презентации, коммерческие материалы и визуальная коммуникация для бизнеса.",2026-05-12,2026-05-12,100,"Брендинговое агентство: потенциально нужны презентации для клиентов, pitch materials и визуальная упаковка смыслов."
67f2d919e326c2f2,Готово,B,branding,branding agency,Mildberry,,,cow@mildberry.ru,Корпоративный,+7 (495) 287-80-80 125047; +7 (977) 6767131 109004,http://www.mildberry.ru,,https://t.me/brandinginrussia,Россия,,Branding,Профиль участника АБКР,https://russianbranding.ru/members/mildberry/,"Потенциально релевантно для BAEV: команде могут быть нужны презентации, коммерческие материалы и визуальная коммуникация для бизнеса.",2026-05-12,2026-05-12,100,"Брендинговое агентство: потенциально нужны презентации для клиентов, pitch materials и визуальная упаковка смыслов."
9cfe50bf464b4294,Готово,B,branding,branding agency,Mildberry,,,moscow@mildberry.ru,Корпоративный,+7 (495) 287-80-80 125047; +7 (977) 6767131 109004,http://www.mildberry.ru,,https://t.me/brandinginrussia,Россия,,Branding,Профиль участника АБКР,https://russianbranding.ru/members/mildberry/,"Потенциально релевантно для BAEV: команде могут быть нужны презентации, коммерческие материалы и визуальная коммуникация для бизнеса.",2026-05-12,2026-05-12,100,"Брендинговое агентство: потенциально нужны презентации для клиентов, pitch materials и визуальная упаковка смыслов."
8496caa94f33ae86,Готово,B,branding,branding agency,O&P branding,,,on@oblapohin.ru,Корпоративный,+7 (977) 985-03-36 105062; +7 (977) 6767131 109004,http://www.oblapohin.ru,,https://t.me/brandinginrussia,Россия,,Branding,Профиль участника АБКР,https://russianbranding.ru/members/opbranding/,"Потенциально релевантно для BAEV: команде могут быть нужны презентации, коммерческие материалы и визуальная коммуникация для бизнеса.",2026-05-12,2026-05-12,100,"Брендинговое агентство: потенциально нужны презентации для клиентов, pitch materials и визуальная упаковка смыслов."
0fef73cbc3d4237f,Готово,B,branding,branding agency,ONY,,,mail@ony.ru,Корпоративный,+7 (495) 411 35 61 119072; +7 (977) 6767131 109004,http://www.ony.ru,,https://t.me/brandinginrussia,Россия,,Branding,Профиль участника АБКР,https://russianbranding.ru/members/ony/,"Потенциально релевантно для BAEV: команде могут быть нужны презентации, коммерческие материалы и визуальная коммуникация для бизнеса.",2026-05-12,2026-05-12,100,"Брендинговое агентство: потенциально нужны презентации для клиентов, pitch materials и визуальная упаковка смыслов."
b2db6e287efa8920,Готово,B,branding,branding agency,OTVETDESIGN,,,vf@illan.ru,Корпоративный,+7 (812) 401-66-06; +7 (977) 6767131 109004,http://www.otvetdesign.ru,,https://t.me/brandinginrussia,Россия,,Branding,Профиль участника АБКР,https://russianbranding.ru/members/otvetdesign/,"Потенциально релевантно для BAEV: команде могут быть нужны презентации, коммерческие материалы и визуальная коммуникация для бизнеса.",2026-05-12,2026-05-12,100,"Брендинговое агентство: потенциально нужны презентации для клиентов, pitch materials и визуальная упаковка смыслов."
756e94d84c2c1b1d,Готово,B,branding,branding agency,PinotAgency,,,anna-iv@pinot.agency,Корпоративный,+7 (965) 783-63-77; +7 (977) 6767131 109004,http://www.pinot.agency,,https://t.me/brandinginrussia,Россия,,Branding,Профиль участника АБКР,https://russianbranding.ru/members/pinotagency/,"Потенциально релевантно для BAEV: команде могут быть нужны презентации, коммерческие материалы и визуальная коммуникация для бизнеса.",2026-05-12,2026-05-12,100,"Брендинговое агентство: потенциально нужны презентации для клиентов, pitch materials и визуальная упаковка смыслов."
bdbaccfcf909b5ad,Готово,B,branding,branding agency,Proektmarketing+1,,,privet@proektmarketing.ru,Корпоративный,+7 (800) 201-68-11; +7 (977) 6767131 109004,http://www.proektmarketing.ru,,https://t.me/brandinginrussia,Россия,,Branding,Профиль участника АБКР,https://russianbranding.ru/members/proektmarketing1/,"Потенциально релевантно для BAEV: команде могут быть нужны презентации, коммерческие материалы и визуальная коммуникация для бизнеса.",2026-05-12,2026-05-12,100,"Брендинговое агентство: потенциально нужны презентации для клиентов, pitch materials и визуальная упаковка смыслов."
e312fecd68ac2d4e,Готово,B,branding,branding agency,Quantum Graphics,,,quantum@qgraphics.ru,Корпоративный,+7 (977) 197-44-26; +7 (977) 6767131 109004,http://www.qgraphics.ru,,https://t.me/brandinginrussia,Россия,,Branding,Профиль участника АБКР,https://russianbranding.ru/members/quantumgraphics/,"Потенциально релевантно для BAEV: команде могут быть нужны презентации, коммерческие материалы и визуальная коммуникация для бизнеса.",2026-05-12,2026-05-12,100,"Брендинговое агентство: потенциально нужны презентации для клиентов, pitch materials и визуальная упаковка смыслов."
d92b41e3415b70c5,Проверить,B,branding,branding agency,RAGB,,,info@ragb.ru,Общий,+7 812 320 70 90,https://ragb.ru/,,,Россия,Москва,Branding,Член АКАР,https://ragb.ru/,"Потенциально релевантно для BAEV: команде могут быть нужны презентации, коммерческие материалы и визуальная коммуникация для бизнеса.",2026-05-12,2026-05-12,85,"Маркетинг, PR и брендинг: релевантно для презентаций и визуальных материалов."
3089cf362f786e81,Проверить,B,branding,branding agency,REDIN,,,info@redin.ru,Общий,+7 (903) 969-55-69 123182; 100 (2025; +7 (977) 6767131 109004,http://redin.ru/,,https://t.me/brandinginrussia,Россия,,Branding,Профиль участника АБКР,https://russianbranding.ru/members/redin/,"Потенциально релевантно для BAEV: команде могут быть нужны презентации, коммерческие материалы и визуальная коммуникация для бизнеса.",2026-05-12,2026-05-12,100,"Брендинговое агентство: потенциально нужны презентации для клиентов, pitch materials и визуальная упаковка смыслов."
9f852be3eede14fd,Готово,B,branding,branding agency,REDKEDS,,,vit@redkeds.com,Корпоративный,+7 (495) 120-02-48; +7 (977) 6767131 109004,http://redkeds.com,,https://t.me/brandinginrussia,Россия,,Branding,Профиль участника АБКР,https://russianbranding.ru/members/redkeds/,"Потенциально релевантно для BAEV: команде могут быть нужны презентации, коммерческие материалы и визуальная коммуникация для бизнеса.",2026-05-12,2026-05-12,100,"Брендинговое агентство: потенциально нужны презентации для клиентов, pitch materials и визуальная упаковка смыслов."
fa4e1416a69b83b6,Проверить,B,branding,branding agency,Radar,,,hello@radar-online.ru,Общий,+7 (749) 541-42-22; +7 (977) 6767131 109004,http://radar-online.ru,,https://t.me/brandinginrussia,Россия,,Branding,Профиль участника АБКР,https://russianbranding.ru/members/radar/,"Потенциально релевантно для BAEV: команде могут быть нужны презентации, коммерческие материалы и визуальная коммуникация для бизнеса.",2026-05-12,2026-05-12,90,"Брендинговое агентство: потенциально нужны презентации для клиентов, pitch materials и визуальная упаковка смыслов."
45868394c6556f01,Проверить,B,branding,branding agency,Repina branding,,,hello@repinabranding.ru,Общий,+7 (495) 120-32-75 129626; +7 (977) 6767131 109004,http://www.repinabranding.ru,,https://t.me/brandinginrussia,Россия,Москва,Branding,Профиль участника АБКР; Сайт агентства,https://russianbranding.ru/members/repinabranding/; https://repinabranding.ru/contacts,"Потенциально релевантно для BAEV: команде могут быть нужны презентации, коммерческие материалы и визуальная коммуникация для бизнеса.",2026-05-12,2026-05-12,90,"Брендинговое агентство: потенциально нужны презентации для клиентов, pitch materials и визуальная упаковка смыслов.; Брендинговое агентство: потенциально нужны pitch materials и визуальные презентации."
bbdb25d8926c9244,Проверить,B,branding,branding agency,SLOY,,,info@sloy.design,Общий,+7 (927) 163-42-41; +7 (977) 6767131 109004,http://sloy.design,,https://t.me/brandinginrussia,Россия,,Branding,Профиль участника АБКР,https://russianbranding.ru/members/sloy/,"Потенциально релевантно для BAEV: команде могут быть нужны презентации, коммерческие материалы и визуальная коммуникация для бизнеса.",2026-05-12,2026-05-12,90,"Брендинговое агентство: потенциально нужны презентации для клиентов, pitch materials и визуальная упаковка смыслов."
f1c7e63c69650728,Готово,B,branding,branding agency,SUETA,,,go@sueta.team,Корпоративный,+7 (910) 433-05-22; +7 (977) 6767131 109004,http://sueta.team/,,https://t.me/brandinginrussia,Россия,,Branding,Профиль участника АБКР,https://russianbranding.ru/members/sueta/,"Потенциально релевантно для BAEV: команде могут быть нужны презентации, коммерческие материалы и визуальная коммуникация для бизнеса.",2026-05-12,2026-05-12,100,"Брендинговое агентство: потенциально нужны презентации для клиентов, pitch materials и визуальная упаковка смыслов."
234e7fa155793533,Проверить,B,branding,branding agency,SUPERMARKET Branding Agency,,,info@prostosuper.com,Общий,+7 (800) 250-87-99; +7 (977) 6767131 109004,http://www.prostosuper.com,,https://t.me/brandinginrussia,Россия,,Branding,Профиль участника АБКР,https://russianbranding.ru/members/supermarketbrandingagency/,"Потенциально релевантно для BAEV: команде могут быть нужны презентации, коммерческие материалы и визуальная коммуникация для бизнеса.",2026-05-12,2026-05-12,100,"Брендинговое агентство: потенциально нужны презентации для клиентов, pitch materials и визуальная упаковка смыслов."
6f548617eb3ec74c,Проверить,B,branding,branding agency,Sensesay,,,hello@sensesay.ru,Общий,+7 (925) 510-82-86; +7 (977) 6767131 109004,http://sensesay.ru/,,https://t.me/brandinginrussia,Россия,,Branding,Профиль участника АБКР,https://russianbranding.ru/members/sensesay/,"Потенциально релевантно для BAEV: команде могут быть нужны презентации, коммерческие материалы и визуальная коммуникация для бизнеса.",2026-05-12,2026-05-12,100,"Брендинговое агентство: потенциально нужны презентации для клиентов, pitch materials и визуальная упаковка смыслов."
8da77076ce481e91,Проверить,B,branding,branding agency,Soldis communications,,,info@soldis.ru,Общий,+7 (495) 223-61-87 121609; +7 (977) 6767131 109004,http://www.soldis.ru,,https://t.me/brandinginrussia,Россия,,Branding,Профиль участника АБКР,https://russianbranding.ru/members/soldiscommunications/,"Потенциально релевантно для BAEV: команде могут быть нужны презентации, коммерческие материалы и визуальная коммуникация для бизнеса.",2026-05-12,2026-05-12,100,"Брендинговое агентство: потенциально нужны презентации для клиентов, pitch materials и визуальная упаковка смыслов."
84a8cfc3034921bc,Проверить,B,branding,branding agency,The Clients,,,hello@theclients.ru,Общий,+7 (977) 6767131 109004,http://www.theclients.ru/,,https://t.me/brandinginrussia,Россия,,Branding,Профиль участника АБКР,https://russianbranding.ru/members/theclients/,"Потенциально релевантно для BAEV: команде могут быть нужны презентации, коммерческие материалы и визуальная коммуникация для бизнеса.",2026-05-12,2026-05-12,90,"Брендинговое агентство: потенциально нужны презентации для клиентов, pitch materials и визуальная упаковка смыслов."
36258284698d6050,Готово,B,branding,branding agency,TomatDesign,,,studio@tomatdesign.ru,Корпоративный,+7 (499) 110-91-33 119034; +7 (977) 6767131 109004,http://tomatdesign.ru,,https://t.me/brandinginrussia,Россия,,Branding,Профиль участника АБКР,https://russianbranding.ru/members/tomatdesign/,"Потенциально релевантно для BAEV: команде могут быть нужны презентации, коммерческие материалы и визуальная коммуникация для бизнеса.",2026-05-12,2026-05-12,100,"Брендинговое агентство: потенциально нужны презентации для клиентов, pitch materials и визуальная упаковка смыслов."
d959535adf137992,Готово,B,branding,branding agency,VOZDUH Brand&Communications,,,n.trufanova@ra-vozduh.ru,Корпоративный,+7 (905) 222-88-86; +7 (977) 6767131 109004,http://ra-vozduh.ru/,,https://t.me/brandinginrussia,Россия,,Branding,Профиль участника АБКР,https://russianbranding.ru/members/vozduhbrandcommunications/,"Потенциально релевантно для BAEV: команде могут быть нужны презентации, коммерческие материалы и визуальная коммуникация для бизнеса.",2026-05-12,2026-05-12,100,"Брендинговое агентство: потенциально нужны презентации для клиентов, pitch materials и визуальная упаковка смыслов."
ce3d9cb1f2c2e150,Готово,B,branding,branding agency,Viewpoint,,,welcome@viewpoint.ru,Корпоративный,+7 (499) 391-86-06 119021; +7 (977) 6767131 109004,http://www.viewpoint.ru,,https://t.me/brandinginrussia,Россия,,Branding,Профиль участника АБКР,https://russianbranding.ru/members/viewpoint/,"Потенциально релевантно для BAEV: команде могут быть нужны презентации, коммерческие материалы и визуальная коммуникация для бизнеса.",2026-05-12,2026-05-12,100,"Брендинговое агентство: потенциально нужны презентации для клиентов, pitch materials и визуальная упаковка смыслов."
91a40aae7d6411ce,Проверить,B,branding,branding agency,Volga Volga Brand Identity,,,info@volga-volga.com,Общий,+7 (812) 679-68-77 197136; +7 (977) 6767131 109004,http://www.volga-volga.com,,https://t.me/brandinginrussia,Россия,,Branding,Профиль участника АБКР,https://russianbranding.ru/members/volgavolgabrandidentity/,"Потенциально релевантно для BAEV: команде могут быть нужны презентации, коммерческие материалы и визуальная коммуникация для бизнеса.",2026-05-12,2026-05-12,100,"Брендинговое агентство: потенциально нужны презентации для клиентов, pitch materials и визуальная упаковка смыслов."
c13da965be18b764,Проверить,B,branding,branding agency,WOW! BRAND,,,wowibrand@mail.ru,Личный,+7 985 991-50-80; +7 495 991-50-80,https://wowibrand.com/,,https://telegram.me/+79859915080,Россия,Москва,Branding,Сайт агентства,https://wowibrand.com/contacts/,"Потенциально релевантно для BAEV: команде могут быть нужны презентации, коммерческие материалы и визуальная коммуникация для бизнеса.",2026-05-12,2026-05-12,70,Брендинговое агентство: релевантно для презентаций и упаковки смыслов.
7e775fd0d3257940,Готово,B,branding,branding agency,Weavers Brand Consultancy,,,welcome@weaversbc.ru,Корпоративный,+7 (499) 136-02-36 123423; +7 (977) 6767131 109004,http://weaversbc.ru,,https://t.me/brandinginrussia,Россия,,Branding,Профиль участника АБКР,https://russianbranding.ru/members/weaversbrandconsultancy/,"Потенциально релевантно для BAEV: команде могут быть нужны презентации, коммерческие материалы и визуальная коммуникация для бизнеса.",2026-05-12,2026-05-12,100,"Брендинговое агентство: потенциально нужны презентации для клиентов, pitch materials и визуальная упаковка смыслов."
f32e5e4ee79d082d,Готово,B,branding,branding agency,Z&G Branding,,,zg@zg-brand.ru,Корпоративный,8 (800) 700 25 91 620075; +7 (977) 6767131 109004,http://www.zg-brand.ru,,https://t.me/brandinginrussia,Россия,,Branding,Профиль участника АБКР,https://russianbranding.ru/members/zgbranding/,"Потенциально релевантно для BAEV: команде могут быть нужны презентации, коммерческие материалы и визуальная коммуникация для бизнеса.",2026-05-12,2026-05-12,100,"Брендинговое агентство: потенциально нужны презентации для клиентов, pitch materials и визуальная упаковка смыслов."
7bc51af3469e17b1,Проверить,B,branding,branding agency,Zurashvili Branding,,,hvili-olga@mail.ru,Личный,+7 (968) 107-07-02 644070; +7 (977) 6767131 109004,http://zurashvili.biz,,https://t.me/brandinginrussia,Россия,,Branding,Профиль участника АБКР,https://russianbranding.ru/members/zurashvilibranding/,"Потенциально релевантно для BAEV: команде могут быть нужны презентации, коммерческие материалы и визуальная коммуникация для бизнеса.",2026-05-12,2026-05-12,70,"Брендинговое агентство: потенциально нужны презентации для клиентов, pitch materials и визуальная упаковка смыслов."
87817102aeff6fac,Новый,B,branding,branding agency,Zurashvili Branding,,,zura,Неизвестно,+7 (968) 107-07-02 644070; +7 (977) 6767131 109004,http://zurashvili.biz,,https://t.me/brandinginrussia,Россия,,Branding,Профиль участника АБКР,https://russianbranding.ru/members/zurashvilibranding/,"Потенциально релевантно для BAEV: команде могут быть нужны презентации, коммерческие материалы и визуальная коммуникация для бизнеса.",2026-05-12,2026-05-12,55,"Брендинговое агентство: потенциально нужны презентации для клиентов, pitch materials и визуальная упаковка смыслов.; Email требует ручной проверки"
447c194592c2ad44,Проверить,B,branding,branding agency,Zurashvili Branding,,,zurashvili-olga@mail.ru,Личный,+7 (968) 107-07-02 644070; +7 (977) 6767131 109004,http://zurashvili.biz,,https://t.me/brandinginrussia,Россия,,Branding,Профиль участника АБКР,https://russianbranding.ru/members/zurashvilibranding/,"Потенциально релевантно для BAEV: команде могут быть нужны презентации, коммерческие материалы и визуальная коммуникация для бизнеса.",2026-05-12,2026-05-12,70,"Брендинговое агентство: потенциально нужны презентации для клиентов, pitch materials и визуальная упаковка смыслов."
b717e4b7f1aba524,Готово,B,branding,branding agency,enDESIGN,,,nadobnikov@endicomp.ru,Корпоративный,+7 (911) 371-99-50; +7 (977) 6767131 109004,http://enbrand.ru,,https://t.me/brandinginrussia,Россия,,Branding,Профиль участника АБКР,https://russianbranding.ru/members/endesign/,"Потенциально релевантно для BAEV: команде могут быть нужны презентации, коммерческие материалы и визуальная коммуникация для бизнеса.",2026-05-12,2026-05-12,100,"Брендинговое агентство: потенциально нужны презентации для клиентов, pitch materials и визуальная упаковка смыслов."
ee62dfea0b716c3e,Проверить,B,branding,branding agency,gutora,,,hello@gutora.ru,Общий,+7 (995) 288-08-00; +7 (977) 6767131 109004,http://gutora.ru,,https://t.me/brandinginrussia,Россия,,Branding,Профиль участника АБКР,https://russianbranding.ru/members/gutora/,"Потенциально релевантно для BAEV: команде могут быть нужны презентации, коммерческие материалы и визуальная коммуникация для бизнеса.",2026-05-12,2026-05-12,100,"Брендинговое агентство: потенциально нужны презентации для клиентов, pitch materials и визуальная упаковка смыслов."
d3ac3d36790c0eff,Проверить,B,branding,branding agency,oднимсловом,,,info@odnim-slovom.ru,Общий,+7 (921) 312-41-24; +7 (977) 6767131 109004,http://www.odnim-slovom.ru,,https://t.me/brandinginrussia,Россия,,Branding,Профиль участника АБКР,https://russianbranding.ru/members/odnimslovom/,"Потенциально релевантно для BAEV: команде могут быть нужны презентации, коммерческие материалы и визуальная коммуникация для бизнеса.",2026-05-12,2026-05-12,100,"Брендинговое агентство: потенциально нужны презентации для клиентов, pitch materials и визуальная упаковка смыслов."
e788e668547ca9cd,Новый,B,branding,branding agency,АСГАРД,,,a,Неизвестно,+7 (812) 326-46-15 196084; +7 (977) 6767131 109004,http://www.asgard-design.com,,https://t.me/brandinginrussia,Россия,,Branding,Профиль участника АБКР,https://russianbranding.ru/members/asgard/,"Потенциально релевантно для BAEV: команде могут быть нужны презентации, коммерческие материалы и визуальная коммуникация для бизнеса.",2026-05-12,2026-05-12,45,"Брендинговое агентство: потенциально нужны презентации для клиентов, pitch materials и визуальная упаковка смыслов.; Email требует ручной проверки"
d93267e934bba4f6,Проверить,B,branding,branding agency,АСГАРД,,,asgarddesign2@gmail.com,Личный,+7 (812) 326-46-15 196084; +7 (977) 6767131 109004,http://www.asgard-design.com,,https://t.me/brandinginrussia,Россия,,Branding,Профиль участника АБКР,https://russianbranding.ru/members/asgard/,"Потенциально релевантно для BAEV: команде могут быть нужны презентации, коммерческие материалы и визуальная коммуникация для бизнеса.",2026-05-12,2026-05-12,60,"Брендинговое агентство: потенциально нужны презентации для клиентов, pitch materials и визуальная упаковка смыслов."
7f350243209986e0,Новый,B,branding,branding agency,АСГАРД,,,gardde,Неизвестно,+7 (812) 326-46-15 196084; +7 (977) 6767131 109004,http://www.asgard-design.com,,https://t.me/brandinginrussia,Россия,,Branding,Профиль участника АБКР,https://russianbranding.ru/members/asgard/,"Потенциально релевантно для BAEV: команде могут быть нужны презентации, коммерческие материалы и визуальная коммуникация для бизнеса.",2026-05-12,2026-05-12,45,"Брендинговое агентство: потенциально нужны презентации для клиентов, pitch materials и визуальная упаковка смыслов.; Email требует ручной проверки"
d74add18d777463a,Проверить,B,branding,branding agency,АСГАРД,,,ign2@gmail.com,Личный,+7 (812) 326-46-15 196084; +7 (977) 6767131 109004,http://www.asgard-design.com,,https://t.me/brandinginrussia,Россия,,Branding,Профиль участника АБКР,https://russianbranding.ru/members/asgard/,"Потенциально релевантно для BAEV: команде могут быть нужны презентации, коммерческие материалы и визуальная коммуникация для бизнеса.",2026-05-12,2026-05-12,60,"Брендинговое агентство: потенциально нужны презентации для клиентов, pitch materials и визуальная упаковка смыслов."
6d39c4857602a014,Новый,B,branding,branding agency,Агентство продающего креатива SICHKAR GROUP,,,ichkargroup.com,Неизвестно,+7 (977) 6767131 109004,http://,,https://t.me/brandinginrussia,Россия,,Branding,Профиль участника АБКР,https://russianbranding.ru/members/agentstvoprodayushchegokreativasichkargroup/,"Потенциально релевантно для BAEV: команде могут быть нужны презентации, коммерческие материалы и визуальная коммуникация для бизнеса.",2026-05-12,2026-05-12,45,"Брендинговое агентство: потенциально нужны презентации для клиентов, pitch materials и визуальная упаковка смыслов.; Email требует ручной проверки"
c8df967869eb42f4,Новый,B,branding,branding agency,Агентство продающего креатива SICHKAR GROUP,,,info@,Неизвестно,+7 (977) 6767131 109004,http://,,https://t.me/brandinginrussia,Россия,,Branding,Профиль участника АБКР,https://russianbranding.ru/members/agentstvoprodayushchegokreativasichkargroup/,"Потенциально релевантно для BAEV: команде могут быть нужны презентации, коммерческие материалы и визуальная коммуникация для бизнеса.",2026-05-12,2026-05-12,45,"Брендинговое агентство: потенциально нужны презентации для клиентов, pitch materials и визуальная упаковка смыслов.; Email требует ручной проверки"
010e1b006a622101,Проверить,B,branding,branding agency,Агентство продающего креатива SICHKAR GROUP,,,info@sichkargroup.com,Общий,+7 (977) 6767131 109004,http://,,https://t.me/brandinginrussia,Россия,,Branding,Профиль участника АБКР,https://russianbranding.ru/members/agentstvoprodayushchegokreativasichkargroup/,"Потенциально релевантно для BAEV: команде могут быть нужны презентации, коммерческие материалы и визуальная коммуникация для бизнеса.",2026-05-12,2026-05-12,90,"Брендинговое агентство: потенциально нужны презентации для клиентов, pitch materials и визуальная упаковка смыслов."
bf0cc4f1bb0a563d,Проверить,B,branding,branding agency,Артоника,,,info@artonica.ru,Общий,+7 (495) 927-65-67 105064; +7 (977) 6767131 109004,http://www.artonica.ru,,https://t.me/brandinginrussia,Россия,,Branding,Профиль участника АБКР,https://russianbranding.ru/members/artonika/,"Потенциально релевантно для BAEV: команде могут быть нужны презентации, коммерческие материалы и визуальная коммуникация для бизнеса.",2026-05-12,2026-05-12,90,"Брендинговое агентство: потенциально нужны презентации для клиентов, pitch materials и визуальная упаковка смыслов."
5040b40b5a0e979b,Проверить,B,branding,branding agency,БРЕНДПРОМ,,,office@brandprom.ru,Общий,+7 (981) 888-51-80; +7 (977) 6767131 109004,http://brandprom.ru,,https://t.me/brandinginrussia,Россия,,Branding,Профиль участника АБКР,https://russianbranding.ru/members/brandprom/,"Потенциально релевантно для BAEV: команде могут быть нужны презентации, коммерческие материалы и визуальная коммуникация для бизнеса.",2026-05-12,2026-05-12,100,"Брендинговое агентство: потенциально нужны презентации для клиентов, pitch materials и визуальная упаковка смыслов."
5d70c5495691c54d,Новый,B,branding,branding agency,БрендМиссия,,,brandmi,Неизвестно,+7 (965) 690-05-55; +7 (977) 6767131 109004,http://BrandMission.ru,,https://t.me/brandinginrussia,Россия,,Branding,Профиль участника АБКР,https://russianbranding.ru/members/brendmissiya/,"Потенциально релевантно для BAEV: команде могут быть нужны презентации, коммерческие материалы и визуальная коммуникация для бизнеса.",2026-05-12,2026-05-12,45,"Брендинговое агентство: потенциально нужны презентации для клиентов, pitch materials и визуальная упаковка смыслов.; Email требует ручной проверки"
64f3017d52f4dbcd,Проверить,B,branding,branding agency,БрендМиссия,,,brandmission@yandex.ru,Личный,+7 (965) 690-05-55; +7 (977) 6767131 109004,http://BrandMission.ru,,https://t.me/brandinginrussia,Россия,,Branding,Профиль участника АБКР,https://russianbranding.ru/members/brendmissiya/,"Потенциально релевантно для BAEV: команде могут быть нужны презентации, коммерческие материалы и визуальная коммуникация для бизнеса.",2026-05-12,2026-05-12,60,"Брендинговое агентство: потенциально нужны презентации для клиентов, pitch materials и визуальная упаковка смыслов."
4d6f395b9c8e9a4d,Проверить,B,branding,branding agency,БрендМиссия,,,ion@yandex.ru,Личный,+7 (965) 690-05-55; +7 (977) 6767131 109004,http://BrandMission.ru,,https://t.me/brandinginrussia,Россия,,Branding,Профиль участника АБКР,https://russianbranding.ru/members/brendmissiya/,"Потенциально релевантно для BAEV: команде могут быть нужны презентации, коммерческие материалы и визуальная коммуникация для бизнеса.",2026-05-12,2026-05-12,60,"Брендинговое агентство: потенциально нужны презентации для клиентов, pitch materials и визуальная упаковка смыслов."
1ffa74adf9d29424,Готово,B,branding,branding agency,Брендинговое агентство «Своё мнение»,,,brand@svoemnenie.com,Корпоративный,+7 (495) 785-62-78 107045; +7 (977) 6767131 109004,http://www.svoemnenie.com,,https://t.me/brandinginrussia,Россия,,Branding,Профиль участника АБКР,https://russianbranding.ru/members/brendingovoeagentstvosvoyemnenie/,"Потенциально релевантно для BAEV: команде могут быть нужны презентации, коммерческие материалы и визуальная коммуникация для бизнеса.",2026-05-12,2026-05-12,100,"Брендинговое агентство: потенциально нужны презентации для клиентов, pitch materials и визуальная упаковка смыслов."
0f5c46ec4772a26b,Готово,B,branding,branding agency,Гордость,,,com@ragordost.ru,Корпоративный,+7 (343) 287-54-76 620014; +7 (977) 6767131 109004,http://ragordost.ru,,https://t.me/brandinginrussia,Россия,,Branding,Профиль участника АБКР,https://russianbranding.ru/members/gordost/,"Потенциально релевантно для BAEV: команде могут быть нужны презентации, коммерческие материалы и визуальная коммуникация для бизнеса.",2026-05-12,2026-05-12,100,"Брендинговое агентство: потенциально нужны презентации для клиентов, pitch materials и визуальная упаковка смыслов."
4c553e6ef72684ee,Готово,B,branding,branding agency,КИТ и КОТ,,,welcome@kitkot.ru,Корпоративный,+7 (499) 322-18-75 420111; +7 (977) 6767131 109004,http://kitkot.ru,,https://t.me/brandinginrussia,Россия,,Branding,Профиль участника АБКР,https://russianbranding.ru/members/kitikot/,"Потенциально релевантно для BAEV: команде могут быть нужны презентации, коммерческие материалы и визуальная коммуникация для бизнеса.",2026-05-12,2026-05-12,100,"Брендинговое агентство: потенциально нужны презентации для клиентов, pitch materials и визуальная упаковка смыслов."
ad6f3ab55d5ca88a,Проверить,B,branding,branding agency,Лайтшоп,,,hopme@gmail.com,Личный,+7 (982) 938-82-13; +7 (977) 6767131 109004,http://liteshop.design,,https://t.me/brandinginrussia,Россия,,Branding,Профиль участника АБКР,https://russianbranding.ru/members/laytshop/,"Потенциально релевантно для BAEV: команде могут быть нужны презентации, коммерческие материалы и визуальная коммуникация для бизнеса.",2026-05-12,2026-05-12,60,"Брендинговое агентство: потенциально нужны презентации для клиентов, pitch materials и визуальная упаковка смыслов."
30eb9d900712c240,Новый,B,branding,branding agency,Лайтшоп,,,lite,Неизвестно,+7 (982) 938-82-13; +7 (977) 6767131 109004,http://liteshop.design,,https://t.me/brandinginrussia,Россия,,Branding,Профиль участника АБКР,https://russianbranding.ru/members/laytshop/,"Потенциально релевантно для BAEV: команде могут быть нужны презентации, коммерческие материалы и визуальная коммуникация для бизнеса.",2026-05-12,2026-05-12,45,"Брендинговое агентство: потенциально нужны презентации для клиентов, pitch materials и визуальная упаковка смыслов.; Email требует ручной проверки"
cbd43292ce850fc9,Проверить,B,branding,branding agency,Лайтшоп,,,liteshopme@gmail.com,Личный,+7 (982) 938-82-13; +7 (977) 6767131 109004,http://liteshop.design,,https://t.me/brandinginrussia,Россия,,Branding,Профиль участника АБКР,https://russianbranding.ru/members/laytshop/,"Потенциально релевантно для BAEV: команде могут быть нужны презентации, коммерческие материалы и визуальная коммуникация для бизнеса.",2026-05-12,2026-05-12,60,"Брендинговое агентство: потенциально нужны презентации для клиентов, pitch materials и визуальная упаковка смыслов."
f32b0bc14563c332,Проверить,B,branding,branding agency,Пинк — креативное ателье,,,pr@pinks.agency,Общий,+7 (963) 058-78-42; +7 (977) 6767131 109004,http://pinks.agency/?utm_source=abkr,,https://t.me/brandinginrussia,Россия,,Branding,Профиль участника АБКР,https://russianbranding.ru/members/pinkkreativnoeatele/,"Потенциально релевантно для BAEV: команде могут быть нужны презентации, коммерческие материалы и визуальная коммуникация для бизнеса.",2026-05-12,2026-05-12,100,"Брендинговое агентство: потенциально нужны презентации для клиентов, pitch materials и визуальная упаковка смыслов."
288fd33b04ee01ea,Проверить,B,branding,branding agency,Пленум,,,info@plenum.ru,Общий,+7 (495) 109-99-65 127015; +7 (977) 6767131 109004,http://www.plenum.ru,,https://t.me/brandinginrussia,Россия,,Branding,Профиль участника АБКР,https://russianbranding.ru/members/plenum/,"Потенциально релевантно для BAEV: команде могут быть нужны презентации, коммерческие материалы и визуальная коммуникация для бизнеса.",2026-05-12,2026-05-12,90,"Брендинговое агентство: потенциально нужны презентации для клиентов, pitch materials и визуальная упаковка смыслов."
1c14d6960674c077,Проверить,B,branding,branding agency,РеАкция,,,info@ra-24.ru,Общий,+7 (486) 247-50-39; +7 (977) 6767131 109004,http://ra-24.ru,,https://t.me/brandinginrussia,Россия,,Branding,Профиль участника АБКР,https://russianbranding.ru/members/reaktsiya/,"Потенциально релевантно для BAEV: команде могут быть нужны презентации, коммерческие материалы и визуальная коммуникация для бизнеса.",2026-05-12,2026-05-12,100,"Брендинговое агентство: потенциально нужны презентации для клиентов, pitch materials и визуальная упаковка смыслов."
9d89f3b64568e2fc,Готово,B,branding,branding agency,агентство lovemedo,,,privet@lvmd.ru,Корпоративный,+7 (812) 332-20-44; +7 (977) 6767131 109004,http://lvmd.ru,,https://t.me/brandinginrussia,Россия,,Branding,Профиль участника АБКР,https://russianbranding.ru/members/agentstvolovemedo/,"Потенциально релевантно для BAEV: команде могут быть нужны презентации, коммерческие материалы и визуальная коммуникация для бизнеса.",2026-05-12,2026-05-12,100,"Брендинговое агентство: потенциально нужны презентации для клиентов, pitch materials и визуальная упаковка смыслов."
e17342c09797f8de,Проверить,B,digital,digital agency,Adventum,,,agency@adventum.ru,Общий,+7 (495) 998-86-61,https://www.adventum.ru/,,https://t.me/Adventum_Digital,Россия,Москва,Digital,Член АКАР,https://www.adventum.ru/,"Потенциально релевантно для BAEV: команде могут быть нужны презентации, коммерческие материалы и визуальная коммуникация для бизнеса.",2026-05-12,2026-05-12,90,"Digital-агентство: нужны презентации, коммерческие предложения и визуальная упаковка кейсов."
1c1a9c44e2e57351,Проверить,B,digital,digital agency,Affect,,,hello@affect.ru,Общий,+7 (977) 563-74-52,https://affect.ru/,,,Россия,Москва,Digital,Член АКАР,https://affect.ru/en/,"Потенциально релевантно для BAEV: команде могут быть нужны презентации, коммерческие материалы и визуальная коммуникация для бизнеса.",2026-05-12,2026-05-12,85,Digital/PR агентство: потенциально нужны pitch materials и презентации клиентских решений.
70aaef1630000f7b,Готово,B,digital,digital agency,Affect,,,hr@affect.ru,Корпоративный,+7 (977) 563-74-52,https://affect.ru/,,,Россия,Москва,Digital,Член АКАР,https://affect.ru/en/,"Потенциально релевантно для BAEV: команде могут быть нужны презентации, коммерческие материалы и визуальная коммуникация для бизнеса.",2026-05-12,2026-05-12,100,Digital/PR агентство: потенциально нужны pitch materials и презентации клиентских решений.
5e85c245f97e7b12,Проверить,B,digital,digital agency,Bono Digital,,,hello@bono.digital,Общий,+7 (705) 643-14-92; +7 (499) 951-64-31,https://www.bono.digital/,,https://t.me/bonodigital,Россия,Москва,Digital,Член АКАР,https://www.bono.digital/,"Потенциально релевантно для BAEV: команде могут быть нужны презентации, коммерческие материалы и визуальная коммуникация для бизнеса.",2026-05-12,2026-05-12,90,Digital-продукты и коммуникации бренда: релевантно для презентаций и кейсов.
564548844c0f71a3,Готово,B,digital,digital agency,Bono Digital,,,hr@bono.digital,Корпоративный,+7 (705) 643-14-92; +7 (499) 951-64-31,https://www.bono.digital/,,https://t.me/bonodigital,Россия,Москва,Digital,Член АКАР,https://www.bono.digital/,"Потенциально релевантно для BAEV: команде могут быть нужны презентации, коммерческие материалы и визуальная коммуникация для бизнеса.",2026-05-12,2026-05-12,100,Digital-продукты и коммуникации бренда: релевантно для презентаций и кейсов.
9ad44a4bce9606d0,Проверить,B,digital,digital agency,Bono Digital,,,team@bono.digital,Общий,+7 (705) 643-14-92; +7 (499) 951-64-31,https://www.bono.digital/,,https://t.me/bonodigital,Россия,Москва,Digital,Член АКАР,https://www.bono.digital/,"Потенциально релевантно для BAEV: команде могут быть нужны презентации, коммерческие материалы и визуальная коммуникация для бизнеса.",2026-05-12,2026-05-12,90,Digital-продукты и коммуникации бренда: релевантно для презентаций и кейсов.
ea4727eb85466495,Готово,B,digital,digital agency,E-Promo,,,hrgroup@e-promo.ru,Корпоративный,5260246781; 9 069 966; +7 (495) 646-04-85,https://www.e-promo.ru/,,https://t.me/epromo_group,Россия,Москва,Digital,Член АКАР,https://www.e-promo.ru/,"Потенциально релевантно для BAEV: команде могут быть нужны презентации, коммерческие материалы и визуальная коммуникация для бизнеса.",2026-05-12,2026-05-12,100,"Digital-агентство: нужны коммерческие презентации, кейсы и материалы для продаж."
606c3bbe532063b0,Проверить,B,digital,digital agency,E-Promo,,,sales@e-promo.ru,Общий,5260246781; 9 069 966; +7 (495) 646-04-85,https://www.e-promo.ru/,,https://t.me/epromo_group,Россия,Москва,Digital,Член АКАР,https://www.e-promo.ru/,"Потенциально релевантно для BAEV: команде могут быть нужны презентации, коммерческие материалы и визуальная коммуникация для бизнеса.",2026-05-12,2026-05-12,90,"Digital-агентство: нужны коммерческие презентации, кейсы и материалы для продаж."
ecb8b245cbeeb039,Проверить,B,digital,digital agency,Mediaguru,,,info@mediaguru.ru,Общий,+7 (495) 153-28-74,https://www.mediaguru.ru/,,,Россия,Москва,Digital,Член АКАР,https://www.mediaguru.ru/,"Потенциально релевантно для BAEV: команде могут быть нужны презентации, коммерческие материалы и визуальная коммуникация для бизнеса.",2026-05-12,2026-05-12,85,Digital-агентство полного цикла: нужны презентации для клиентов и продаж.
181998c7d223adb5,Проверить,B,hr,employer brand / HR,Braining Group,,,hello@braining.group,Общий,8 495 916 92 24,https://braining.group/,,https://t.me/brainingram,Россия,Москва,HR / Employer Brand,Член АКАР,https://braining.group/,"Потенциальный клиент BAEV: компании могут требоваться презентации для продаж, руководства, HR, инвесторов и публичных выступлений.",2026-05-12,2026-05-12,90,"HR-маркетинг: возможны презентации для employer brand, внутренних коммуникаций и мероприятий."
f9dfa5ace53b75fc,Проверить,B,marketing,marketing agency,ACG City,,,info@acgcity.ru,Общий,+7-812-717-69-86; 2021-2022; 1 000 000,https://www.acgcity.ru,,,Россия,Москва,Marketing,Член АКАР,https://www.acgcity.ru/digital,"Потенциально релевантно для BAEV: команде могут быть нужны презентации, коммерческие материалы и визуальная коммуникация для бизнеса.",2026-05-12,2026-05-12,95,Маркетинговые коммуникации: потенциально нужны коммерческие презентации и материалы для клиентов.
8244ccac23dfafe2,Проверить,B,marketing,marketing agency,ASV Media,,,,Неизвестно,,https://asv-media.com/,,,Россия,Москва,Marketing,Член АКАР,https://asv-media.com/,"Потенциально релевантно для BAEV: команде могут быть нужны презентации, коммерческие материалы и визуальная коммуникация для бизнеса.",2026-05-12,2026-05-12,45,Агентство полного цикла: потенциально нужны коммерческие презентации и кейсы.
2dc2c2beafd5dc45,Проверить,B,marketing,marketing agency,Ailove,,,,Неизвестно,,https://ailove.ru/,,,Россия,Москва,Marketing,Член АКАР,https://ailove.ru/,"Потенциально релевантно для BAEV: команде могут быть нужны презентации, коммерческие материалы и визуальная коммуникация для бизнеса.",2026-05-12,2026-05-12,35,Маркетинговые стратегии и кампании: релевантно для презентаций и визуальных материалов.
56148dd4417c12e1,Готово,B,marketing,marketing agency,EMG,,,hr@emg.ru,Корпоративный,+7 495 797-86-64; 1712135430098; 1712135430097,https://emg.ru/,,https://t.me/emgagency,Россия,Москва,Marketing,Член АКАР,https://emg.ru/,"Потенциально релевантно для BAEV: команде могут быть нужны презентации, коммерческие материалы и визуальная коммуникация для бизнеса.",2026-05-12,2026-05-12,100,Креативное агентство маркетинговых коммуникаций: релевантно для pitch и клиентских презентаций.
cff1df67fe08065b,Готово,B,marketing,marketing agency,EMG,,,nbd@emg.ru,Корпоративный,+7 495 797-86-64; 1712135430098; 1712135430097,https://emg.ru/,,https://t.me/emgagency,Россия,Москва,Marketing,Член АКАР,https://emg.ru/,"Потенциально релевантно для BAEV: команде могут быть нужны презентации, коммерческие материалы и визуальная коммуникация для бизнеса.",2026-05-12,2026-05-12,100,Креативное агентство маркетинговых коммуникаций: релевантно для pitch и клиентских презентаций.
575e24f0aa7add2a,Проверить,B,marketing,marketing agency,KeyClient,,,info@key-client.ru,Общий,+7 (495) 128-15-50; 773612846790; 08.05.2026 14 19,https://key-client.ru/,,https://t.me/key_client_bot; https://t.me/keyclient,Россия,Москва,Marketing,Сайт агентства,https://key-client.ru/,"Потенциально релевантно для BAEV: команде могут быть нужны презентации, коммерческие материалы и визуальная коммуникация для бизнеса.",2026-05-12,2026-05-12,100,Маркетинговое агентство: потенциально нужны коммерческие презентации и кейсы.
ececc6a87e904946,Готово,B,marketing,marketing agency,OSPR,,,ospr@ospr.ru,Корпоративный,499) 223 12 15; 2006-2021; 290-105-280,https://ospr.ru/,,,Россия,Москва,Marketing,Сайт агентства,https://ospr.ru/contacts/,"Потенциально релевантно для BAEV: команде могут быть нужны презентации, коммерческие материалы и визуальная коммуникация для бизнеса.",2026-05-12,2026-05-12,100,"Маркетинговое агентство: потенциально нужны презентации, аналитика и материалы для клиентов."
e28e6fb0b1d63e74,Проверить,B,marketing,marketing agency,Super Good,,,hello@sgmarketing.ru,Общий,+7 (495) 991 27 72,https://sgmarketing.ru/,,,Россия,Москва,Marketing,Сайт агентства,https://sgmarketing.ru/,"Потенциально релевантно для BAEV: команде могут быть нужны презентации, коммерческие материалы и визуальная коммуникация для бизнеса.",2026-05-12,2026-05-12,95,Маркетинговый консалтинг и реклама: релевантно для презентаций и коммерческих материалов.
